word,zipf_frequency,ends_with_s,is_plural,is_conjugation,is_place
something,5.81,No,No,Yes,No
different,5.59,No,No,No,No
including,5.52,No,No,Yes,No
following,5.46,No,No,Yes,No
president,5.45,No,No,No,No
important,5.44,No,No,No,No
community,5.34,No,No,No,No
political,5.29,No,No,No,No
according,5.28,No,No,Yes,No
available,5.28,No,No,No,No
education,5.28,No,No,No,No
sometimes,5.28,Yes,No,No,No
beautiful,5.22,No,No,No,No
september,5.15,No,No,No,No
attention,5.11,No,No,No,No
character,5.11,No,No,No,No
situation,5.09,No,No,No,No
currently,5.08,No,No,No,No
financial,5.08,No,No,No,No
difficult,5.07,No,No,No,No
published,5.07,No,No,Yes,No
committee,5.01,No,No,No,No
potential,5.01,No,No,No,No
treatment,5.01,No,No,No,No
beginning,5,No,No,Yes,No
certainly,5,No,No,No,No
described,5,No,No,Yes,No
statement,4.97,No,No,No,No
announced,4.96,No,No,Yes,No
continued,4.96,No,No,Yes,No
knowledge,4.96,No,No,No,No
developed,4.95,No,No,Yes,No
generally,4.95,No,No,No,No
secretary,4.95,No,No,No,No
insurance,4.94,No,No,No,No
seriously,4.94,No,No,No,No
direction,4.93,No,No,No,No
operation,4.92,No,No,No,No
christmas,4.91,Yes,No,No,No
increased,4.91,No,No,Yes,No
literally,4.91,No,No,No,No
necessary,4.91,No,No,No,No
yesterday,4.91,No,No,No,No
professor,4.9,No,No,No,No
effective,4.89,No,No,No,No
agreement,4.88,No,No,No,No
challenge,4.88,No,No,No,No
christian,4.88,No,No,No,No
equipment,4.88,No,No,No,No
otherwise,4.88,No,No,No,No
executive,4.87,No,No,No,No
therefore,4.87,No,No,No,No
condition,4.86,No,No,No,No
interview,4.86,No,No,No,No
religious,4.85,Yes,No,No,No
wonderful,4.85,No,No,No,No
everybody,4.84,No,No,No,No
structure,4.84,No,No,No,No
mentioned,4.83,No,No,Yes,No
authority,4.81,No,No,No,No
happening,4.8,No,No,Yes,No
institute,4.8,No,No,No,No
obviously,4.8,No,No,No,No
continues,4.79,Yes,No,Yes,No
dangerous,4.79,Yes,No,No,No
extremely,4.79,No,No,No,No
advantage,4.78,No,No,No,No
influence,4.78,No,No,No,No
marketing,4.78,No,No,Yes,No
completed,4.77,No,No,Yes,No
concerned,4.75,No,No,Yes,No
operating,4.75,No,No,Yes,No
presented,4.75,No,No,Yes,No
technical,4.75,No,No,No,No
reference,4.74,No,No,No,No
somewhere,4.74,No,No,No,No
excellent,4.73,No,No,No,No
afternoon,4.72,No,No,No,No
assistant,4.72,No,No,No,No
emergency,4.72,No,No,No,No
providing,4.72,No,No,Yes,No
fantastic,4.71,No,No,No,No
expensive,4.69,No,No,No,No
connected,4.68,No,No,Yes,No
performed,4.68,No,No,Yes,No
suggested,4.68,No,No,Yes,No
supported,4.68,No,No,Yes,No
surprised,4.68,No,No,Yes,No
transport,4.68,No,No,No,No
confirmed,4.67,No,No,Yes,No
regarding,4.67,No,No,Yes,No
candidate,4.66,No,No,No,No
emotional,4.66,No,No,No,No
listening,4.66,No,No,Yes,No
apartment,4.65,No,No,No,No
committed,4.65,No,No,Yes,No
corporate,4.64,No,No,No,No
basically,4.63,No,No,No,No
collected,4.63,No,No,Yes,No
determine,4.63,No,No,No,No
remaining,4.63,No,No,Yes,No
delivered,4.62,No,No,Yes,No
estimated,4.62,No,No,Yes,No
ourselves,4.62,Yes,No,No,No
selection,4.62,No,No,No,No
typically,4.62,No,No,No,No
breakfast,4.61,No,No,No,No
destroyed,4.61,No,No,Yes,No
essential,4.61,No,No,No,No
perfectly,4.61,No,No,No,No
recommend,4.61,No,No,No,No
newspaper,4.6,No,No,No,No
territory,4.6,No,No,No,No
appointed,4.59,No,No,Yes,No
boyfriend,4.59,No,No,No,No
explained,4.59,No,No,Yes,No
receiving,4.59,No,No,Yes,No
wednesday,4.59,No,No,No,No
conducted,4.58,No,No,Yes,No
dedicated,4.58,No,No,Yes,No
represent,4.58,No,No,No,No
favourite,4.57,No,No,No,No
permanent,4.57,No,No,No,No
programme,4.57,No,No,No,No
depending,4.56,No,No,Yes,No
exclusive,4.56,No,No,No,No
hopefully,4.56,No,No,No,No
personnel,4.56,No,No,No,No
brilliant,4.55,No,No,No,No
existence,4.55,No,No,No,No
expansion,4.54,No,No,No,No
reporting,4.54,No,No,Yes,No
worldwide,4.54,No,No,No,No
francisco,4.53,No,No,No,No
secondary,4.53,No,No,No,No
suffering,4.53,No,No,Yes,No
wondering,4.53,No,No,Yes,No
expressed,4.52,No,No,Yes,No
hollywood,4.52,No,No,No,No
immediate,4.52,No,No,No,No
principal,4.52,No,No,No,No
recognize,4.52,No,No,No,No
regularly,4.52,No,No,No,No
childhood,4.51,No,No,No,No
commander,4.51,No,No,No,No
democracy,4.51,No,No,No,No
organized,4.51,No,No,Yes,No
protected,4.51,No,No,Yes,No
recording,4.51,No,No,Yes,No
tradition,4.5,No,No,No,No
celebrate,4.49,No,No,No,No
chocolate,4.49,No,No,No,No
criticism,4.49,No,No,No,No
extensive,4.49,No,No,No,No
formation,4.49,No,No,No,No
initially,4.49,No,No,No,No
returning,4.49,No,No,Yes,No
universal,4.49,No,No,No,No
involving,4.48,No,No,Yes,No
meanwhile,4.48,No,No,No,No
naturally,4.48,No,No,No,No
practical,4.48,No,No,No,No
primarily,4.48,No,No,No,No
resulting,4.48,No,No,Yes,No
temporary,4.48,No,No,No,No
elizabeth,4.47,No,No,No,No
household,4.47,No,No,No,No
purchased,4.47,No,No,Yes,No
technique,4.47,No,No,No,No
adventure,4.46,No,No,No,No
carefully,4.46,No,No,No,No
elsewhere,4.46,No,No,No,No
establish,4.46,No,No,No,No
extension,4.46,No,No,No,No
offensive,4.46,No,No,No,No
qualified,4.46,No,No,Yes,No
sensitive,4.46,No,No,No,No
alongside,4.45,No,No,No,No
contained,4.45,No,No,Yes,No
discovery,4.45,No,No,No,No
discussed,4.45,No,No,Yes,No
encourage,4.45,No,No,No,No
featuring,4.45,No,No,Yes,No
producing,4.45,No,No,Yes,No
scheduled,4.45,No,No,Yes,No
awareness,4.44,Yes,No,No,No
guarantee,4.44,No,No,No,No
happiness,4.44,Yes,No,No,No
procedure,4.44,No,No,No,No
confident,4.43,No,No,No,No
strategic,4.43,No,No,No,No
attempted,4.42,No,No,Yes,No
economics,4.42,Yes,No,No,No
efficient,4.42,No,No,No,No
expecting,4.42,No,No,Yes,No
evolution,4.41,No,No,No,No
promotion,4.41,No,No,No,No
telephone,4.41,No,No,No,No
abandoned,4.4,No,No,Yes,No
alexander,4.4,No,No,No,No
convinced,4.4,No,No,Yes,No
describes,4.4,Yes,No,Yes,No
forgotten,4.4,No,No,Yes,No
installed,4.4,No,No,Yes,No
ownership,4.4,No,No,No,No
spiritual,4.4,No,No,No,No
associate,4.39,No,No,No,No
broadcast,4.39,No,No,No,No
cambridge,4.39,No,No,No,No
narrative,4.39,No,No,No,No
reduction,4.39,No,No,No,No
amendment,4.38,No,No,No,No
defensive,4.38,No,No,No,No
passenger,4.38,No,No,No,No
improving,4.37,No,No,Yes,No
introduce,4.37,No,No,No,No
automatic,4.36,No,No,No,No
behaviour,4.36,No,No,No,No
frequency,4.36,No,No,No,No
landscape,4.36,No,No,No,No
melbourne,4.36,No,No,No,No
objective,4.36,No,No,No,No
residence,4.36,No,No,No,No
searching,4.36,No,No,Yes,No
chemistry,4.35,No,No,No,No
concluded,4.35,No,No,Yes,No
exception,4.35,No,No,No,No
preferred,4.35,No,No,Yes,No
referring,4.35,No,No,Yes,No
screaming,4.35,No,No,Yes,No
terrorist,4.35,No,No,No,No
delicious,4.34,Yes,No,No,No
generated,4.34,No,No,Yes,No
impressed,4.34,No,No,Yes,No
indicated,4.34,No,No,Yes,No
principle,4.34,No,No,No,No
defending,4.33,No,No,Yes,No
infection,4.33,No,No,No,No
intention,4.33,No,No,No,No
pregnancy,4.33,No,No,No,No
preparing,4.33,No,No,Yes,No
prominent,4.33,No,No,No,No
requested,4.33,No,No,Yes,No
satellite,4.33,No,No,No,No
communist,4.32,No,No,No,No
complaint,4.32,No,No,No,No
component,4.32,No,No,No,No
desperate,4.32,No,No,No,No
diversity,4.32,No,No,No,No
submitted,4.32,No,No,Yes,No
suspended,4.32,No,No,Yes,No
attending,4.31,No,No,Yes,No
attracted,4.31,No,No,Yes,No
stability,4.31,No,No,No,No
finishing,4.3,No,No,Yes,No
separated,4.3,No,No,Yes,No
similarly,4.3,No,No,No,No
attacking,4.29,No,No,Yes,No
celebrity,4.29,No,No,No,No
execution,4.29,No,No,No,No
framework,4.29,No,No,No,No
franchise,4.29,No,No,No,No
furniture,4.29,No,No,No,No
lifestyle,4.29,No,No,No,No
sacrifice,4.29,No,No,No,No
breathing,4.28,No,No,Yes,No
dependent,4.28,No,No,No,No
edinburgh,4.28,No,No,No,No
promoting,4.28,No,No,Yes,No
satisfied,4.28,No,No,Yes,No
volunteer,4.28,No,No,No,No
hilarious,4.27,Yes,No,No,No
mechanism,4.27,No,No,No,No
radiation,4.27,No,No,No,No
traveling,4.27,No,No,Yes,No
addressed,4.26,No,No,Yes,No
classical,4.26,No,No,No,No
encounter,4.26,No,No,No,No
responded,4.26,No,No,Yes,No
virtually,4.26,No,No,No,No
gathering,4.25,No,No,Yes,No
inspector,4.25,No,No,No,No
recovered,4.25,No,No,Yes,No
signature,4.25,No,No,No,No
copyright,4.24,No,No,No,No
indicates,4.24,Yes,No,Yes,No
municipal,4.24,No,No,No,No
terrorism,4.24,No,No,No,No
barcelona,4.23,No,No,No,No
brazilian,4.23,No,No,No,No
certified,4.23,No,No,Yes,No
coalition,4.23,No,No,No,No
instantly,4.23,No,No,No,No
legendary,4.23,No,No,No,No
reception,4.23,No,No,No,No
sponsored,4.23,No,No,Yes,No
substance,4.23,No,No,No,No
baltimore,4.22,No,No,No,No
cancelled,4.22,No,No,Yes,No
competing,4.22,No,No,Yes,No
departure,4.22,No,No,No,No
explosion,4.22,No,No,No,No
integrity,4.22,No,No,No,No
lightning,4.22,No,No,Yes,No
socialist,4.22,No,No,No,No
streaming,4.22,No,No,Yes,No
converted,4.21,No,No,Yes,No
correctly,4.21,No,No,No,No
detective,4.21,No,No,No,No
gradually,4.21,No,No,No,No
highlight,4.21,No,No,No,No
identical,4.21,No,No,No,No
scientist,4.21,No,No,No,No
convicted,4.2,No,No,Yes,No
developer,4.2,No,No,No,No
diagnosis,4.2,Yes,No,No,No
dismissed,4.2,No,No,Yes,No
implement,4.2,No,No,No,No
marijuana,4.2,No,No,No,No
pollution,4.2,No,No,No,No
precisely,4.2,No,No,No,No
privilege,4.2,No,No,No,No
confusion,4.19,No,No,No,No
nightmare,4.19,No,No,No,No
overnight,4.19,No,No,No,No
partially,4.19,No,No,No,No
spreading,4.19,No,No,Yes,No
sustained,4.19,No,No,Yes,No
accepting,4.18,No,No,Yes,No
animation,4.18,No,No,No,No
conscious,4.18,Yes,No,No,No
displayed,4.18,No,No,Yes,No
dominated,4.18,No,No,Yes,No
nominated,4.18,No,No,Yes,No
physician,4.18,No,No,No,No
ukrainian,4.18,No,No,No,No
anonymous,4.17,Yes,No,No,No
expanding,4.17,No,No,Yes,No
testimony,4.17,No,No,No,No
apologize,4.16,No,No,No,No
gentleman,4.16,No,No,No,No
halloween,4.16,No,No,No,No
liability,4.16,No,No,No,No
perceived,4.16,No,No,Yes,No
realistic,4.16,No,No,No,No
vancouver,4.16,No,No,No,No
admission,4.15,No,No,No,No
appearing,4.15,No,No,Yes,No
believing,4.15,No,No,Yes,No
classroom,4.15,No,No,No,No
eliminate,4.15,No,No,No,No
portfolio,4.15,No,No,No,No
replacing,4.15,No,No,Yes,No
screening,4.15,No,No,Yes,No
southeast,4.15,No,No,No,No
suspected,4.15,No,No,Yes,No
violation,4.15,No,No,No,No
addiction,4.14,No,No,No,No
depressed,4.14,No,No,Yes,No
graduated,4.14,No,No,Yes,No
inflation,4.14,No,No,No,No
intensity,4.14,No,No,No,No
inventory,4.14,No,No,No,No
migration,4.14,No,No,No,No
motivated,4.14,No,No,Yes,No
northwest,4.14,No,No,No,No
provision,4.14,No,No,No,No
releasing,4.14,No,No,Yes,No
requiring,4.14,No,No,Yes,No
succeeded,4.14,No,No,Yes,No
wrestling,4.14,No,No,Yes,No
companion,4.13,No,No,No,No
comparing,4.13,No,No,Yes,No
demanding,4.13,No,No,Yes,No
financing,4.13,No,No,Yes,No
gentlemen,4.13,No,Yes,No,No
mandatory,4.13,No,No,No,No
permitted,4.13,No,No,Yes,No
publisher,4.13,No,No,No,No
caribbean,4.12,No,No,No,No
electoral,4.12,No,No,No,No
excessive,4.12,No,No,No,No
governing,4.12,No,No,Yes,No
interface,4.12,No,No,No,No
predicted,4.12,No,No,Yes,No
reflected,4.12,No,No,Yes,No
strongest,4.12,No,No,No,No
victorian,4.12,No,No,No,No
alternate,4.11,No,No,No,No
catherine,4.11,No,No,No,No
cognitive,4.11,No,No,No,No
editorial,4.11,No,No,No,No
investing,4.11,No,No,Yes,No
molecular,4.11,No,No,No,No
promising,4.11,No,No,Yes,No
respected,4.11,No,No,Yes,No
breakdown,4.1,No,No,No,No
consensus,4.1,Yes,No,No,No
genuinely,4.1,No,No,No,No
hurricane,4.1,No,No,No,No
nutrition,4.1,No,No,No,No
seemingly,4.1,No,No,No,No
southwest,4.1,No,No,No,No
unlimited,4.1,No,No,Yes,No
delighted,4.09,No,No,Yes,No
disappear,4.09,No,No,No,No
invisible,4.09,No,No,No,No
prevented,4.09,No,No,Yes,No
sentenced,4.09,No,No,Yes,No
surrender,4.09,No,No,No,No
architect,4.08,No,No,No,No
exhausted,4.08,No,No,Yes,No
organised,4.08,No,No,Yes,No
variation,4.08,No,No,No,No
warehouse,4.08,No,No,No,No
affecting,4.07,No,No,Yes,No
answering,4.07,No,No,Yes,No
commented,4.07,No,No,Yes,No
computing,4.07,No,No,Yes,No
continent,4.07,No,No,No,No
measuring,4.07,No,No,Yes,No
miserable,4.07,No,No,No,No
preserved,4.07,No,No,Yes,No
supporter,4.07,No,No,No,No
testament,4.07,No,No,No,No
allegedly,4.06,No,No,No,No
ambulance,4.06,No,No,No,No
cigarette,4.06,No,No,No,No
detection,4.06,No,No,No,No
elaborate,4.06,No,No,No,No
expertise,4.06,No,No,No,No
exploring,4.06,No,No,Yes,No
intensive,4.06,No,No,No,No
northeast,4.06,No,No,No,No
specified,4.06,No,No,Yes,No
switching,4.06,No,No,Yes,No
tolerance,4.06,No,No,No,No
belonging,4.05,No,No,Yes,No
diagnosed,4.05,No,No,Yes,No
authentic,4.04,No,No,No,No
backwards,4.04,Yes,No,No,No
extending,4.04,No,No,Yes,No
ignorance,4.04,No,No,No,No
immigrant,4.04,No,No,No,No
inspiring,4.04,No,No,Yes,No
invention,4.04,No,No,No,No
placement,4.04,No,No,No,No
transform,4.04,No,No,No,No
witnessed,4.04,No,No,Yes,No
workplace,4.04,No,No,No,No
yorkshire,4.04,No,No,No,No
achieving,4.03,No,No,Yes,No
amsterdam,4.03,No,No,No,No
considers,4.03,Yes,No,Yes,No
container,4.03,No,No,No,No
paragraph,4.03,No,No,No,No
peninsula,4.03,No,No,No,No
remainder,4.03,No,No,No,No
sentiment,4.03,No,No,No,No
surviving,4.03,No,No,Yes,No
threshold,4.03,No,No,No,No
aesthetic,4.02,No,No,No,No
algorithm,4.02,No,No,No,No
confusing,4.02,No,No,Yes,No
dimension,4.02,No,No,No,No
inclusion,4.02,No,No,No,No
isolation,4.02,No,No,No,No
justified,4.02,No,No,Yes,No
machinery,4.02,No,No,No,No
subscribe,4.02,No,No,No,No
activated,4.01,No,No,Yes,No
hampshire,4.01,No,No,No,No
orchestra,4.01,No,No,No,No
pakistani,4.01,No,No,No,No
precision,4.01,No,No,No,No
privately,4.01,No,No,No,No
reasoning,4.01,No,No,Yes,No
specially,4.01,No,No,No,No
struggled,4.01,No,No,Yes,No
voluntary,4.01,No,No,No,No
contacted,4,No,No,Yes,No
decreased,4,No,No,Yes,No
jefferson,4,No,No,No,No
magnitude,4,No,No,No,No
publicity,4,No,No,No,No
telegraph,4,No,No,No,No
affiliate,3.99,No,No,No,No
cathedral,3.99,No,No,No,No
initiated,3.99,No,No,Yes,No
injection,3.99,No,No,No,No
launching,3.99,No,No,Yes,No
negotiate,3.99,No,No,No,No
projected,3.99,No,No,Yes,No
quarterly,3.99,No,No,No,No
resistant,3.99,No,No,No,No
successor,3.99,No,No,No,No
targeting,3.99,No,No,Yes,No
triggered,3.99,No,No,Yes,No
uncertain,3.99,No,No,No,No
colleague,3.98,No,No,No,No
construct,3.98,No,No,No,No
defendant,3.98,No,No,No,No
geography,3.98,No,No,No,No
nashville,3.98,No,No,No,No
regulated,3.98,No,No,Yes,No
travelled,3.98,No,No,Yes,No
condemned,3.97,No,No,Yes,No
curiosity,3.97,No,No,No,No
explosive,3.97,No,No,No,No
fortunate,3.97,No,No,No,No
incentive,3.97,No,No,No,No
inclusive,3.97,No,No,No,No
memorable,3.97,No,No,No,No
occurring,3.97,No,No,Yes,No
realizing,3.97,No,No,Yes,No
revealing,3.97,No,No,Yes,No
scattered,3.97,No,No,Yes,No
sexuality,3.97,No,No,No,No
suspicion,3.97,No,No,No,No
therapist,3.97,No,No,No,No
wholesale,3.97,No,No,No,No
artillery,3.96,No,No,No,No
assembled,3.96,No,No,Yes,No
clearance,3.96,No,No,No,No
countless,3.96,Yes,No,No,No
detention,3.96,No,No,No,No
forbidden,3.96,No,No,Yes,No
kidnapped,3.96,No,No,Yes,No
maintains,3.96,Yes,No,Yes,No
packaging,3.96,No,No,Yes,No
processed,3.96,No,No,Yes,No
touchdown,3.96,No,No,No,No
underwear,3.96,No,No,No,No
ambitious,3.95,Yes,No,No,No
appealing,3.95,No,No,Yes,No
collision,3.95,No,No,No,No
corrected,3.95,No,No,Yes,No
frederick,3.95,No,No,No,No
licensing,3.95,No,No,Yes,No
messenger,3.95,No,No,No,No
norwegian,3.95,No,No,No,No
salvation,3.95,No,No,No,No
sovereign,3.95,No,No,No,No
synthetic,3.95,No,No,No,No
aggregate,3.94,No,No,No,No
announces,3.94,Yes,No,Yes,No
composite,3.94,No,No,No,No
decorated,3.94,No,No,Yes,No
fashioned,3.94,No,No,Yes,No
generator,3.94,No,No,No,No
incorrect,3.94,No,No,No,No
rebellion,3.94,No,No,No,No
recipient,3.94,No,No,No,No
terrified,3.94,No,No,Yes,No
vegetable,3.94,No,No,No,No
workforce,3.94,No,No,No,No
butterfly,3.93,No,No,No,No
directory,3.93,No,No,No,No
discharge,3.93,No,No,No,No
discusses,3.93,Yes,No,Yes,No
inability,3.93,No,No,No,No
leicester,3.93,No,No,No,No
obtaining,3.93,No,No,Yes,No
remembers,3.93,Yes,No,Yes,No
sanctuary,3.93,No,No,No,No
translate,3.93,No,No,No,No
treasurer,3.93,No,No,No,No
affection,3.92,No,No,No,No
collapsed,3.92,No,No,Yes,No
competent,3.92,No,No,No,No
excluding,3.92,No,No,Yes,No
gratitude,3.92,No,No,No,No
indicator,3.92,No,No,No,No
recognise,3.92,No,No,No,No
reviewing,3.92,No,No,Yes,No
sculpture,3.92,No,No,No,No
alcoholic,3.91,No,No,No,No
automated,3.91,No,No,Yes,No
catalogue,3.91,No,No,No,No
christine,3.91,No,No,No,No
collector,3.91,No,No,No,No
consisted,3.91,No,No,Yes,No
enjoyable,3.91,No,No,No,No
inherited,3.91,No,No,Yes,No
necessity,3.91,No,No,No,No
renewable,3.91,No,No,No,No
sheffield,3.91,No,No,No,No
aftermath,3.9,No,No,No,No
armstrong,3.9,No,No,No,No
champagne,3.9,No,No,No,No
combining,3.9,No,No,Yes,No
directing,3.9,No,No,Yes,No
elevation,3.9,No,No,No,No
historian,3.9,No,No,No,No
mortality,3.9,No,No,No,No
obsession,3.9,No,No,No,No
petroleum,3.9,No,No,No,No
rejection,3.9,No,No,No,No
reservoir,3.9,No,No,No,No
sebastian,3.9,No,No,No,No
sensation,3.9,No,No,No,No
spotlight,3.9,No,No,No,No
withdrawn,3.9,No,No,Yes,No
biography,3.89,No,No,No,No
consuming,3.89,No,No,Yes,No
designing,3.89,No,No,Yes,No
holocaust,3.89,No,No,No,No
roosevelt,3.89,No,No,No,No
sincerely,3.89,No,No,No,No
specialty,3.89,No,No,No,No
trademark,3.89,No,No,No,No
interfere,3.88,No,No,No,No
pointless,3.88,Yes,No,No,No
proximity,3.88,No,No,No,No
selective,3.88,No,No,No,No
socialism,3.88,No,No,No,No
stressful,3.88,No,No,No,No
stretched,3.88,No,No,Yes,No
billboard,3.87,No,No,No,No
calculate,3.87,No,No,No,No
conceived,3.87,No,No,Yes,No
dissolved,3.87,No,No,Yes,No
economist,3.87,No,No,No,No
examining,3.87,No,No,Yes,No
illegally,3.87,No,No,No,No
parenting,3.87,No,No,Yes,No
proceeded,3.87,No,No,Yes,No
processor,3.87,No,No,No,No
seventeen,3.87,No,No,No,No
abundance,3.86,No,No,No,No
advancing,3.86,No,No,Yes,No
commodity,3.86,No,No,No,No
exhibited,3.86,No,No,Yes,No
fictional,3.86,No,No,No,No
judgement,3.86,No,No,No,No
judiciary,3.86,No,No,No,No
logistics,3.86,Yes,No,No,No
nonprofit,3.86,No,No,No,No
operative,3.86,No,No,No,No
subjected,3.86,No,No,Yes,No
allowance,3.85,No,No,No,No
arbitrary,3.85,No,No,No,No
comprises,3.85,Yes,No,Yes,No
desirable,3.85,No,No,No,No
favorable,3.85,No,No,No,No
portrayed,3.85,No,No,Yes,No
possessed,3.85,No,No,Yes,No
princeton,3.85,No,No,No,No
recession,3.85,No,No,No,No
superhero,3.85,No,No,No,No
malaysian,3.84,No,No,No,No
paperwork,3.84,No,No,No,No
poisoning,3.84,No,No,Yes,No
repeating,3.84,No,No,Yes,No
slaughter,3.84,No,No,No,No
synthesis,3.84,Yes,No,No,No
afterward,3.83,No,No,No,No
allocated,3.83,No,No,Yes,No
churchill,3.83,No,No,No,No
declining,3.83,No,No,Yes,No
discourse,3.83,No,No,No,No
dominance,3.83,No,No,No,No
entertain,3.83,No,No,No,No
evaluated,3.83,No,No,Yes,No
innocence,3.83,No,No,No,No
katherine,3.83,No,No,No,No
livestock,3.83,No,No,No,No
notorious,3.83,Yes,No,No,No
oversight,3.83,No,No,No,No
prototype,3.83,No,No,No,No
superstar,3.83,No,No,No,No
accounted,3.82,No,No,Yes,No
athletics,3.82,Yes,No,No,No
certainty,3.82,No,No,No,No
christina,3.82,No,No,No,No
comprised,3.82,No,No,Yes,No
declaring,3.82,No,No,Yes,No
practiced,3.82,No,No,Yes,No
testified,3.82,No,No,Yes,No
worthless,3.82,Yes,No,No,No
accompany,3.81,No,No,No,No
assurance,3.81,No,No,No,No
battalion,3.81,No,No,No,No
bulgarian,3.81,No,No,No,No
carpenter,3.81,No,No,No,No
enjoyment,3.81,No,No,No,No
healthier,3.81,No,No,No,No
honorable,3.81,No,No,No,No
injustice,3.81,No,No,No,No
interpret,3.81,No,No,No,No
prolonged,3.81,No,No,Yes,No
recruited,3.81,No,No,Yes,No
reluctant,3.81,No,No,No,No
retention,3.81,No,No,No,No
rochester,3.81,No,No,No,No
selecting,3.81,No,No,Yes,No
stephanie,3.81,No,No,No,No
submarine,3.81,No,No,No,No
acquiring,3.8,No,No,Yes,No
admitting,3.8,No,No,Yes,No
balancing,3.8,No,No,Yes,No
communism,3.8,No,No,No,No
conductor,3.8,No,No,No,No
disclosed,3.8,No,No,Yes,No
displaced,3.8,No,No,Yes,No
disturbed,3.8,No,No,Yes,No
freestyle,3.8,No,No,No,No
messaging,3.8,No,No,Yes,No
microwave,3.8,No,No,No,No
performer,3.8,No,No,No,No
primitive,3.8,No,No,No,No
retrieved,3.8,No,No,Yes,No
righteous,3.8,Yes,No,No,No
twentieth,3.8,No,No,No,No
unrelated,3.8,No,No,Yes,No
wandering,3.8,No,No,Yes,No
assisting,3.79,No,No,Yes,No
constable,3.79,No,No,No,No
cooperate,3.79,No,No,No,No
counselor,3.79,No,No,No,No
hungarian,3.79,No,No,No,No
imaginary,3.79,No,No,No,No
patriotic,3.79,No,No,No,No
populated,3.79,No,No,Yes,No
prejudice,3.79,No,No,No,No
probation,3.79,No,No,No,No
rendering,3.79,No,No,Yes,No
spokesman,3.79,No,No,No,No
traumatic,3.79,No,No,No,No
alignment,3.78,No,No,No,No
apparatus,3.78,Yes,No,No,No
commenced,3.78,No,No,Yes,No
ecosystem,3.78,No,No,No,No
fertility,3.78,No,No,No,No
hierarchy,3.78,No,No,No,No
lancaster,3.78,No,No,No,No
neglected,3.78,No,No,Yes,No
precedent,3.78,No,No,No,No
prevalent,3.78,No,No,No,No
retaining,3.78,No,No,Yes,No
sociology,3.78,No,No,No,No
splitting,3.78,No,No,Yes,No
analytics,3.77,Yes,No,No,No
attribute,3.77,No,No,No,No
commanded,3.77,No,No,Yes,No
contested,3.77,No,No,Yes,No
fulfilled,3.77,No,No,Yes,No
incumbent,3.77,No,No,No,No
objection,3.77,No,No,No,No
offspring,3.77,No,No,Yes,No
persuaded,3.77,No,No,Yes,No
presenter,3.77,No,No,No,No
scripture,3.77,No,No,No,No
slightest,3.77,No,No,No,No
valentine,3.77,No,No,No,No
welcoming,3.77,No,No,Yes,No
capturing,3.76,No,No,Yes,No
concludes,3.76,Yes,No,Yes,No
mentality,3.76,No,No,No,No
recycling,3.76,No,No,Yes,No
stainless,3.76,Yes,No,No,No
statutory,3.76,No,No,No,No
unusually,3.76,No,No,No,No
assaulted,3.75,No,No,Yes,No
borrowing,3.75,No,No,Yes,No
limestone,3.75,No,No,No,No
monitored,3.75,No,No,Yes,No
observing,3.75,No,No,Yes,No
relevance,3.75,No,No,No,No
shattered,3.75,No,No,Yes,No
supplying,3.75,No,No,Yes,No
telescope,3.75,No,No,No,No
thickness,3.75,Yes,No,No,No
threatens,3.75,Yes,No,Yes,No
valuation,3.75,No,No,No,No
amusement,3.74,No,No,No,No
assessing,3.74,No,No,Yes,No
auxiliary,3.74,No,No,No,No
descended,3.74,No,No,Yes,No
emergence,3.74,No,No,No,No
endurance,3.74,No,No,No,No
exchanged,3.74,No,No,Yes,No
jewellery,3.74,No,No,No,No
phenomena,3.74,No,Yes,No,No
pneumonia,3.74,No,No,No,No
policeman,3.74,No,No,No,No
postponed,3.74,No,No,Yes,No
preceding,3.74,No,No,Yes,No
rewarding,3.74,No,No,Yes,No
storyline,3.74,No,No,No,No
unchanged,3.74,No,No,Yes,No
aerospace,3.73,No,No,No,No
aluminium,3.73,No,No,No,No
averaging,3.73,No,No,Yes,No
bacterial,3.73,No,No,No,No
confessed,3.73,No,No,Yes,No
employing,3.73,No,No,Yes,No
ethnicity,3.73,No,No,No,No
paramount,3.73,No,No,No,No
reminding,3.73,No,No,Yes,No
schooling,3.73,No,No,Yes,No
uncovered,3.73,No,No,Yes,No
undertake,3.73,No,No,No,No
violating,3.73,No,No,Yes,No
awakening,3.72,No,No,Yes,No
bilateral,3.72,No,No,No,No
compelled,3.72,No,No,Yes,No
concealed,3.72,No,No,Yes,No
dismissal,3.72,No,No,No,No
hydraulic,3.72,No,No,No,No
incapable,3.72,No,No,No,No
integrate,3.72,No,No,No,No
miniature,3.72,No,No,No,No
murdering,3.72,No,No,Yes,No
presently,3.72,No,No,No,No
restoring,3.72,No,No,Yes,No
unhealthy,3.72,No,No,No,No
unpopular,3.72,No,No,No,No
adjusting,3.71,No,No,Yes,No
analyzing,3.71,No,No,Yes,No
diplomacy,3.71,No,No,No,No
directive,3.71,No,No,No,No
energetic,3.71,No,No,No,No
greatness,3.71,Yes,No,No,No
hazardous,3.71,Yes,No,No,No
induction,3.71,No,No,No,No
masculine,3.71,No,No,No,No
milestone,3.71,No,No,No,No
recurring,3.71,No,No,Yes,No
resembles,3.71,Yes,No,Yes,No
rodriguez,3.71,No,No,No,No
routinely,3.71,No,No,No,No
stationed,3.71,No,No,Yes,No
acclaimed,3.7,No,No,Yes,No
boulevard,3.7,No,No,No,No
chronicle,3.7,No,No,No,No
insulting,3.7,No,No,Yes,No
irregular,3.7,No,No,No,No
modelling,3.7,No,No,Yes,No
premature,3.7,No,No,No,No
residency,3.7,No,No,No,No
unwilling,3.7,No,No,Yes,No
whichever,3.7,No,No,No,No
broadband,3.69,No,No,No,No
emphasize,3.69,No,No,No,No
neighbour,3.69,No,No,No,No
preaching,3.69,No,No,Yes,No
proposing,3.69,No,No,Yes,No
solicitor,3.69,No,No,No,No
sophomore,3.69,No,No,No,No
wallpaper,3.69,No,No,No,No
countdown,3.68,No,No,No,No
exclusion,3.68,No,No,No,No
exploited,3.68,No,No,Yes,No
extracted,3.68,No,No,Yes,No
freelance,3.68,No,No,No,No
honeymoon,3.68,No,No,No,No
perimeter,3.68,No,No,No,No
protector,3.68,No,No,No,No
rehearsal,3.68,No,No,No,No
reinforce,3.68,No,No,No,No
skeptical,3.68,No,No,No,No
unanimous,3.68,Yes,No,No,No
vengeance,3.68,No,No,No,No
benefited,3.67,No,No,Yes,No
embracing,3.67,No,No,Yes,No
gardening,3.67,No,No,Yes,No
generates,3.67,Yes,No,Yes,No
heartbeat,3.67,No,No,No,No
inaugural,3.67,No,No,No,No
malicious,3.67,Yes,No,No,No
partition,3.67,No,No,No,No
riverside,3.67,No,No,No,No
stimulate,3.67,No,No,No,No
strangely,3.67,No,No,No,No
advertise,3.66,No,No,No,No
apologise,3.66,No,No,No,No
cardboard,3.66,No,No,No,No
chartered,3.66,No,No,Yes,No
conquered,3.66,No,No,Yes,No
crossover,3.66,No,No,No,No
disregard,3.66,No,No,No,No
evacuated,3.66,No,No,Yes,No
maternity,3.66,No,No,No,No
pronounce,3.66,No,No,No,No
saturated,3.66,No,No,Yes,No
stupidity,3.66,No,No,No,No
versatile,3.66,No,No,No,No
courtyard,3.65,No,No,No,No
deception,3.65,No,No,No,No
defeating,3.65,No,No,Yes,No
dominican,3.65,No,No,No,No
exemption,3.65,No,No,No,No
fishermen,3.65,No,Yes,No,No
furnished,3.65,No,No,Yes,No
hypocrisy,3.65,No,No,No,No
imagining,3.65,No,No,Yes,No
inception,3.65,No,No,No,No
intervene,3.65,No,No,No,No
manifesto,3.65,No,No,No,No
methodist,3.65,No,No,No,No
monastery,3.65,No,No,No,No
nightclub,3.65,No,No,No,No
numerical,3.65,No,No,No,No
preseason,3.65,No,No,No,No
resonance,3.65,No,No,No,No
signaling,3.65,No,No,Yes,No
spaghetti,3.65,No,No,No,No
terminate,3.65,No,No,No,No
undermine,3.65,No,No,No,No
underwent,3.65,No,No,Yes,No
withstand,3.65,No,No,No,No
amazingly,3.64,No,No,No,No
applicant,3.64,No,No,No,No
deposited,3.64,No,No,Yes,No
enhancing,3.64,No,No,Yes,No
goodnight,3.64,No,No,No,No
incidence,3.64,No,No,No,No
mythology,3.64,No,No,No,No
plausible,3.64,No,No,No,No
restraint,3.64,No,No,No,No
substrate,3.64,No,No,No,No
supremacy,3.64,No,No,No,No
swallowed,3.64,No,No,Yes,No
viewpoint,3.64,No,No,No,No
accessory,3.63,No,No,No,No
assertion,3.63,No,No,No,No
astronomy,3.63,No,No,No,No
bothering,3.63,No,No,Yes,No
consulted,3.63,No,No,Yes,No
criticize,3.63,No,No,No,No
distorted,3.63,No,No,Yes,No
downloads,3.63,Yes,No,Yes,No
guitarist,3.63,No,No,No,No
occupying,3.63,No,No,Yes,No
reproduce,3.63,No,No,No,No
statewide,3.63,No,No,No,No
utilizing,3.63,No,No,Yes,No
abolished,3.62,No,No,Yes,No
argentine,3.62,No,No,No,No
bandwidth,3.62,No,No,No,No
chevrolet,3.62,No,No,No,No
detailing,3.62,No,No,Yes,No
discovers,3.62,Yes,No,Yes,No
empirical,3.62,No,No,No,No
filmmaker,3.62,No,No,No,No
harvested,3.62,No,No,Yes,No
inflicted,3.62,No,No,Yes,No
metabolic,3.62,No,No,No,No
nostalgia,3.62,No,No,No,No
paperback,3.62,No,No,No,No
regulator,3.62,No,No,No,No
surpassed,3.62,No,No,Yes,No
upgrading,3.62,No,No,Yes,No
violently,3.62,No,No,No,No
addictive,3.61,No,No,No,No
apartheid,3.61,No,No,No,No
arthritis,3.61,Yes,No,No,No
brunswick,3.61,No,No,No,No
differing,3.61,No,No,Yes,No
enclosure,3.61,No,No,No,No
exceeding,3.61,No,No,Yes,No
exquisite,3.61,No,No,No,No
hostility,3.61,No,No,No,No
interrupt,3.61,No,No,No,No
moonlight,3.61,No,No,No,No
overthrow,3.61,No,No,No,No
perpetual,3.61,No,No,No,No
possesses,3.61,Yes,No,Yes,No
simulator,3.61,No,No,No,No
spectacle,3.61,No,No,No,No
symposium,3.61,No,No,No,No
thrilling,3.61,No,No,Yes,No
adulthood,3.6,No,No,No,No
advocated,3.6,No,No,Yes,No
astronaut,3.6,No,No,No,No
attendant,3.6,No,No,No,No
backstage,3.6,No,No,No,No
benchmark,3.6,No,No,No,No
brutality,3.6,No,No,No,No
cinematic,3.6,No,No,No,No
communion,3.6,No,No,No,No
contender,3.6,No,No,No,No
evidently,3.6,No,No,No,No
ordinance,3.6,No,No,No,No
sarcastic,3.6,No,No,No,No
scholarly,3.6,No,No,No,No
discarded,3.59,No,No,Yes,No
duplicate,3.59,No,No,No,No
empowered,3.59,No,No,Yes,No
geometric,3.59,No,No,No,No
librarian,3.59,No,No,No,No
multitude,3.59,No,No,No,No
protested,3.59,No,No,Yes,No
readiness,3.59,Yes,No,No,No
redundant,3.59,No,No,No,No
rejecting,3.59,No,No,Yes,No
vibration,3.59,No,No,No,No
worcester,3.59,No,No,No,No
abdominal,3.58,No,No,No,No
announcer,3.58,No,No,No,No
columnist,3.58,No,No,No,No
courtroom,3.58,No,No,No,No
eccentric,3.58,No,No,No,No
educating,3.58,No,No,Yes,No
informing,3.58,No,No,Yes,No
pineapple,3.58,No,No,No,No
potassium,3.58,No,No,No,No
priceless,3.58,Yes,No,No,No
resisting,3.58,No,No,Yes,No
staircase,3.58,No,No,No,No
undergone,3.58,No,No,Yes,No
willingly,3.58,No,No,No,No
ambiguous,3.57,Yes,No,No,No
cartridge,3.57,No,No,No,No
colombian,3.57,No,No,No,No
defective,3.57,No,No,No,No
deserving,3.57,No,No,Yes,No
disgusted,3.57,No,No,Yes,No
enforcing,3.57,No,No,Yes,No
immensely,3.57,No,No,No,No
intercept,3.57,No,No,No,No
intuitive,3.57,No,No,No,No
organizer,3.57,No,No,No,No
parameter,3.57,No,No,No,No
pathology,3.57,No,No,No,No
poisonous,3.57,Yes,No,No,No
pretended,3.57,No,No,Yes,No
sandstone,3.57,No,No,No,No
upsetting,3.57,No,No,Yes,No
antarctic,3.56,No,No,No,No
captivity,3.56,No,No,No,No
cleansing,3.56,No,No,Yes,No
consulate,3.56,No,No,No,No
departing,3.56,No,No,Yes,No
disguised,3.56,No,No,Yes,No
filtering,3.56,No,No,Yes,No
graveyard,3.56,No,No,No,No
lucrative,3.56,No,No,No,No
oppressed,3.56,No,No,Yes,No
planetary,3.56,No,No,No,No
porcelain,3.56,No,No,No,No
renovated,3.56,No,No,Yes,No
sparkling,3.56,No,No,Yes,No
arranging,3.55,No,No,Yes,No
arrogance,3.55,No,No,No,No
brightest,3.55,No,No,No,No
colourful,3.55,No,No,No,No
impatient,3.55,No,No,No,No
insisting,3.55,No,No,Yes,No
intricate,3.55,No,No,No,No
longevity,3.55,No,No,No,No
luxurious,3.55,Yes,No,No,No
penetrate,3.55,No,No,No,No
plaintiff,3.55,No,No,No,No
portrayal,3.55,No,No,No,No
publishes,3.55,Yes,No,Yes,No
repairing,3.55,No,No,Yes,No
replicate,3.55,No,No,No,No
safeguard,3.55,No,No,No,No
avoidance,3.54,No,No,No,No
depicting,3.54,No,No,Yes,No
executing,3.54,No,No,Yes,No
fireplace,3.54,No,No,No,No
greenwich,3.54,No,No,No,No
intuition,3.54,No,No,No,No
policemen,3.54,No,Yes,No,No
prosecute,3.54,No,No,No,No
radically,3.54,No,No,No,No
smuggling,3.54,No,No,Yes,No
tolerated,3.54,No,No,Yes,No
waterfall,3.54,No,No,No,No
alexandra,3.53,No,No,No,No
celestial,3.53,No,No,No,No
customary,3.53,No,No,No,No
exploding,3.53,No,No,Yes,No
flowering,3.53,No,No,Yes,No
fragrance,3.53,No,No,No,No
impending,3.53,No,No,Yes,No
liberated,3.53,No,No,Yes,No
marvelous,3.53,Yes,No,No,No
medicinal,3.53,No,No,No,No
partnered,3.53,No,No,Yes,No
pediatric,3.53,No,No,No,No
rationale,3.53,No,No,No,No
televised,3.53,No,No,Yes,No
watershed,3.53,No,No,Yes,No
alleviate,3.52,No,No,No,No
bilingual,3.52,No,No,No,No
civilized,3.52,No,No,Yes,No
completes,3.52,Yes,No,Yes,No
detecting,3.52,No,No,Yes,No
dishonest,3.52,No,No,No,No
endowment,3.52,No,No,No,No
exercised,3.52,No,No,Yes,No
footprint,3.52,No,No,No,No
forefront,3.52,No,No,No,No
hepatitis,3.52,Yes,No,No,No
inhabited,3.52,No,No,Yes,No
intensely,3.52,No,No,No,No
lafayette,3.52,No,No,No,No
overrated,3.52,No,No,Yes,No
stripping,3.52,No,No,Yes,No
wellbeing,3.52,No,No,Yes,No
abolition,3.51,No,No,No,No
augustine,3.51,No,No,No,No
berkshire,3.51,No,No,No,No
coastline,3.51,No,No,No,No
diligence,3.51,No,No,No,No
diversion,3.51,No,No,No,No
ethiopian,3.51,No,No,No,No
influenza,3.51,No,No,No,No
inspected,3.51,No,No,Yes,No
massively,3.51,No,No,No,No
mediation,3.51,No,No,No,No
parachute,3.51,No,No,No,No
perennial,3.51,No,No,No,No
preschool,3.51,No,No,No,No
quotation,3.51,No,No,No,No
reprinted,3.51,No,No,Yes,No
resolving,3.51,No,No,Yes,No
salisbury,3.51,No,No,No,No
spectator,3.51,No,No,No,No
submerged,3.51,No,No,Yes,No
syndicate,3.51,No,No,No,No
wholesome,3.51,No,No,No,No
absorbing,3.5,No,No,Yes,No
adjoining,3.5,No,No,Yes,No
arresting,3.5,No,No,Yes,No
augmented,3.5,No,No,Yes,No
bartender,3.5,No,No,No,No
destroyer,3.5,No,No,No,No
dispersed,3.5,No,No,Yes,No
glamorous,3.5,Yes,No,No,No
irritated,3.5,No,No,Yes,No
knowingly,3.5,No,No,No,No
obedience,3.5,No,No,No,No
obligated,3.5,No,No,Yes,No
pressured,3.5,No,No,Yes,No
pulmonary,3.5,No,No,No,No
punishing,3.5,No,No,Yes,No
raspberry,3.5,No,No,No,No
reconcile,3.5,No,No,No,No
resilient,3.5,No,No,No,No
schneider,3.5,No,No,No,No
shortened,3.5,No,No,Yes,No
troubling,3.5,No,No,Yes,No
autograph,3.49,No,No,No,No
botanical,3.49,No,No,No,No
clarified,3.49,No,No,Yes,No
corrupted,3.49,No,No,Yes,No
crocodile,3.49,No,No,No,No
disagreed,3.49,No,No,Yes,No
fisherman,3.49,No,No,No,No
forgiving,3.49,No,No,Yes,No
fractured,3.49,No,No,Yes,No
homestead,3.49,No,No,No,No
intellect,3.49,No,No,No,No
intending,3.49,No,No,Yes,No
magnesium,3.49,No,No,No,No
overwatch,3.49,No,No,No,No
powerless,3.49,Yes,No,No,No
pragmatic,3.49,No,No,No,No
scratched,3.49,No,No,Yes,No
simulated,3.49,No,No,Yes,No
traveller,3.49,No,No,No,No
accessing,3.48,No,No,Yes,No
admirable,3.48,No,No,No,No
anthology,3.48,No,No,No,No
avalanche,3.48,No,No,No,No
ballistic,3.48,No,No,No,No
blueprint,3.48,No,No,No,No
corrosion,3.48,No,No,No,No
expressly,3.48,No,No,No,No
foreigner,3.48,No,No,No,No
paralysis,3.48,Yes,No,No,No
patiently,3.48,No,No,No,No
propelled,3.48,No,No,Yes,No
scrolling,3.48,No,No,Yes,No
sheltered,3.48,No,No,Yes,No
speculate,3.48,No,No,No,No
stressing,3.48,No,No,Yes,No
sweetness,3.48,Yes,No,No,No
unnatural,3.48,No,No,No,No
virginity,3.48,No,No,No,No
complains,3.47,Yes,No,Yes,No
connector,3.47,No,No,No,No
denounced,3.47,No,No,Yes,No
espionage,3.47,No,No,No,No
flashback,3.47,No,No,No,No
imitation,3.47,No,No,No,No
immersion,3.47,No,No,No,No
intrigued,3.47,No,No,Yes,No
intrinsic,3.47,No,No,No,No
landslide,3.47,No,No,No,No
painfully,3.47,No,No,No,No
provoking,3.47,No,No,Yes,No
relegated,3.47,No,No,Yes,No
turbulent,3.47,No,No,No,No
unleashed,3.47,No,No,Yes,No
unmarried,3.47,No,No,Yes,No
appalling,3.46,No,No,Yes,No
criterion,3.46,No,No,No,No
deduction,3.46,No,No,No,No
digestive,3.46,No,No,No,No
endlessly,3.46,No,No,No,No
extremist,3.46,No,No,No,No
graphical,3.46,No,No,No,No
imbalance,3.46,No,No,No,No
presiding,3.46,No,No,Yes,No
stabilize,3.46,No,No,No,No
statesman,3.46,No,No,No,No
symbolism,3.46,No,No,No,No
underwood,3.46,No,No,No,No
amplifier,3.45,No,No,No,No
caretaker,3.45,No,No,No,No
checklist,3.45,No,No,No,No
depiction,3.45,No,No,No,No
digitally,3.45,No,No,No,No
endeavour,3.45,No,No,No,No
entrusted,3.45,No,No,Yes,No
evidenced,3.45,No,No,Yes,No
hamburger,3.45,No,No,No,No
imperfect,3.45,No,No,No,No
liquidity,3.45,No,No,No,No
nostalgic,3.45,No,No,No,No
patronage,3.45,No,No,No,No
prompting,3.45,No,No,Yes,No
rendition,3.45,No,No,No,No
scrambled,3.45,No,No,Yes,No
statistic,3.45,No,No,No,No
synagogue,3.45,No,No,No,No
tentative,3.45,No,No,No,No
acquitted,3.44,No,No,Yes,No
admiralty,3.44,No,No,No,No
blackmail,3.44,No,No,No,No
blindness,3.44,Yes,No,No,No
cafeteria,3.44,No,No,No,No
caucasian,3.44,No,No,No,No
composing,3.44,No,No,Yes,No
coworkers,3.44,Yes,No,No,No
disrupted,3.44,No,No,Yes,No
enchanted,3.44,No,No,Yes,No
episcopal,3.44,No,No,No,No
escalated,3.44,No,No,Yes,No
federally,3.44,No,No,No,No
godfather,3.44,No,No,No,No
medically,3.44,No,No,No,No
nathaniel,3.44,No,No,No,No
nicknamed,3.44,No,No,Yes,No
paralyzed,3.44,No,No,Yes,No
precursor,3.44,No,No,No,No
purposely,3.44,No,No,No,No
repayment,3.44,No,No,No,No
sectional,3.44,No,No,No,No
servicing,3.44,No,No,Yes,No
shrinking,3.44,No,No,Yes,No
timetable,3.44,No,No,No,No
undertook,3.44,No,No,Yes,No
viability,3.44,No,No,No,No
whispered,3.44,No,No,Yes,No
wolverine,3.44,No,No,No,No
abduction,3.43,No,No,No,No
ancestral,3.43,No,No,No,No
antiquity,3.43,No,No,No,No
appraisal,3.43,No,No,No,No
collusion,3.43,No,No,No,No
disbelief,3.43,No,No,No,No
exporting,3.43,No,No,Yes,No
fortified,3.43,No,No,Yes,No
harassing,3.43,No,No,Yes,No
horrified,3.43,No,No,Yes,No
importing,3.43,No,No,Yes,No
lingering,3.43,No,No,Yes,No
logically,3.43,No,No,No,No
mastering,3.43,No,No,Yes,No
obsessive,3.43,No,No,No,No
offending,3.43,No,No,Yes,No
overboard,3.43,No,No,No,No
posterior,3.43,No,No,No,No
psychotic,3.43,No,No,No,No
reversing,3.43,No,No,Yes,No
stringent,3.43,No,No,No,No
uploading,3.43,No,No,Yes,No
anchorage,3.42,No,No,No,No
bookstore,3.42,No,No,No,No
compliant,3.42,No,No,No,No
continuum,3.42,No,No,No,No
cultivate,3.42,No,No,No,No
disparity,3.42,No,No,No,No
encrypted,3.42,No,No,Yes,No
farmhouse,3.42,No,No,No,No
greenland,3.42,No,No,No,No
intrusion,3.42,No,No,No,No
misguided,3.42,No,No,Yes,No
phosphate,3.42,No,No,No,No
physicist,3.42,No,No,No,No
plurality,3.42,No,No,No,No
prohibits,3.42,Yes,No,Yes,No
relocated,3.42,No,No,Yes,No
unnoticed,3.42,No,No,Yes,No
untouched,3.42,No,No,Yes,No
visionary,3.42,No,No,No,No
aristotle,3.41,No,No,No,No
austerity,3.41,No,No,No,No
beethoven,3.41,No,No,No,No
candidacy,3.41,No,No,No,No
cherished,3.41,No,No,Yes,No
clubhouse,3.41,No,No,No,No
converter,3.41,No,No,No,No
embarrass,3.41,Yes,No,No,No
evergreen,3.41,No,No,No,No
expulsion,3.41,No,No,No,No
fortnight,3.41,No,No,No,No
madeleine,3.41,No,No,No,No
moderator,3.41,No,No,No,No
monstrous,3.41,Yes,No,No,No
prevailed,3.41,No,No,Yes,No
proactive,3.41,No,No,No,No
projector,3.41,No,No,No,No
qualifier,3.41,No,No,No,No
realising,3.41,No,No,Yes,No
regretted,3.41,No,No,Yes,No
reputable,3.41,No,No,No,No
revolving,3.41,No,No,Yes,No
accession,3.4,No,No,No,No
bethlehem,3.4,No,No,No,No
bourgeois,3.4,Yes,No,No,No
condensed,3.4,No,No,Yes,No
deviation,3.4,No,No,No,No
diffusion,3.4,No,No,No,No
dominates,3.4,Yes,No,Yes,No
etiquette,3.4,No,No,No,No
greenwood,3.4,No,No,No,No
heartfelt,3.4,No,No,No,No
housewife,3.4,No,No,No,No
hypocrite,3.4,No,No,No,No
localized,3.4,No,No,Yes,No
optimized,3.4,No,No,Yes,No
overheard,3.4,No,No,Yes,No
oversized,3.4,No,No,Yes,No
startling,3.4,No,No,Yes,No
warranted,3.4,No,No,Yes,No
weakening,3.4,No,No,Yes,No
anonymity,3.39,No,No,No,No
bordering,3.39,No,No,Yes,No
centenary,3.39,No,No,No,No
dentistry,3.39,No,No,No,No
horseback,3.39,No,No,No,No
iteration,3.39,No,No,No,No
misplaced,3.39,No,No,Yes,No
modifying,3.39,No,No,Yes,No
oxidation,3.39,No,No,No,No
pervasive,3.39,No,No,No,No
predatory,3.39,No,No,No,No
prescribe,3.39,No,No,No,No
semantics,3.39,Yes,No,No,No
shameless,3.39,Yes,No,No,No
spherical,3.39,No,No,No,No
adversity,3.38,No,No,No,No
affidavit,3.38,No,No,No,No
astrology,3.38,No,No,No,No
authorize,3.38,No,No,No,No
bodyguard,3.38,No,No,No,No
conferred,3.38,No,No,Yes,No
divergent,3.38,No,No,No,No
doctorate,3.38,No,No,No,No
downright,3.38,No,No,No,No
electrode,3.38,No,No,No,No
elemental,3.38,No,No,No,No
exemplary,3.38,No,No,No,No
expansive,3.38,No,No,No,No
guerrilla,3.38,No,No,No,No
impartial,3.38,No,No,No,No
inhibitor,3.38,No,No,No,No
inscribed,3.38,No,No,Yes,No
insulated,3.38,No,No,Yes,No
obnoxious,3.38,Yes,No,No,No
orphanage,3.38,No,No,No,No
qualifies,3.38,Yes,No,Yes,No
recalling,3.38,No,No,Yes,No
retreated,3.38,No,No,Yes,No
sixteenth,3.38,No,No,No,No
surrogate,3.38,No,No,No,No
validated,3.38,No,No,Yes,No
ambiguity,3.37,No,No,No,No
antitrust,3.37,No,No,No,No
barrister,3.37,No,No,No,No
brokerage,3.37,No,No,No,No
commodore,3.37,No,No,No,No
decidedly,3.37,No,No,No,No
designate,3.37,No,No,No,No
murderous,3.37,Yes,No,No,No
originate,3.37,No,No,No,No
registrar,3.37,No,No,No,No
squeezing,3.37,No,No,Yes,No
transient,3.37,No,No,No,No
afterlife,3.36,No,No,No,No
analogous,3.36,Yes,No,No,No
anarchist,3.36,No,No,No,No
crippling,3.36,No,No,Yes,No
discredit,3.36,No,No,No,No
equitable,3.36,No,No,No,No
flattened,3.36,No,No,Yes,No
forwarded,3.36,No,No,Yes,No
handshake,3.36,No,No,No,No
insertion,3.36,No,No,No,No
magically,3.36,No,No,No,No
occupancy,3.36,No,No,No,No
pertinent,3.36,No,No,No,No
plentiful,3.36,No,No,No,No
purchaser,3.36,No,No,No,No
satirical,3.36,No,No,No,No
spaceship,3.36,No,No,No,No
sunflower,3.36,No,No,No,No
appliance,3.35,No,No,No,No
asserting,3.35,No,No,Yes,No
biologist,3.35,No,No,No,No
byzantine,3.35,No,No,No,No
coincided,3.35,No,No,Yes,No
continual,3.35,No,No,No,No
crackdown,3.35,No,No,No,No
davenport,3.35,No,No,No,No
degrading,3.35,No,No,Yes,No
elongated,3.35,No,No,Yes,No
fostering,3.35,No,No,Yes,No
genealogy,3.35,No,No,No,No
gibraltar,3.35,No,No,No,No
ingenious,3.35,Yes,No,No,No
outspoken,3.35,No,No,No,No
senseless,3.35,Yes,No,No,No
stumbling,3.35,No,No,Yes,No
treadmill,3.35,No,No,No,No
adherence,3.34,No,No,No,No
adjective,3.34,No,No,No,No
adjourned,3.34,No,No,Yes,No
amplified,3.34,No,No,Yes,No
appellate,3.34,No,No,No,No
approving,3.34,No,No,Yes,No
ascension,3.34,No,No,No,No
classmate,3.34,No,No,No,No
cognition,3.34,No,No,No,No
deceptive,3.34,No,No,No,No
frenchman,3.34,No,No,No,No
hindsight,3.34,No,No,No,No
infirmary,3.34,No,No,No,No
ludicrous,3.34,Yes,No,No,No
persisted,3.34,No,No,Yes,No
profiling,3.34,No,No,Yes,No
sincerity,3.34,No,No,No,No
taiwanese,3.34,No,No,No,No
annoyance,3.33,No,No,No,No
centrally,3.33,No,No,No,No
dashboard,3.33,No,No,No,No
deficient,3.33,No,No,No,No
deterrent,3.33,No,No,No,No
excursion,3.33,No,No,No,No
hairstyle,3.33,No,No,No,No
heartless,3.33,Yes,No,No,No
implanted,3.33,No,No,Yes,No
informant,3.33,No,No,No,No
intrusive,3.33,No,No,No,No
josephine,3.33,No,No,No,No
lunchtime,3.33,No,No,No,No
malignant,3.33,No,No,No,No
microbial,3.33,No,No,No,No
negligent,3.33,No,No,No,No
practised,3.33,No,No,Yes,No
prognosis,3.33,Yes,No,No,No
propeller,3.33,No,No,No,No
reclaimed,3.33,No,No,Yes,No
relatable,3.33,No,No,No,No
resembled,3.33,No,No,Yes,No
retrieval,3.33,No,No,No,No
surveying,3.33,No,No,Yes,No
temperate,3.33,No,No,No,No
threesome,3.33,No,No,No,No
turquoise,3.33,No,No,No,No
unfolding,3.33,No,No,Yes,No
untreated,3.33,No,No,Yes,No
vandalism,3.33,No,No,No,No
vibrating,3.33,No,No,Yes,No
alligator,3.32,No,No,No,No
canonical,3.32,No,No,No,No
chinatown,3.32,No,No,No,No
countered,3.32,No,No,Yes,No
deploying,3.32,No,No,Yes,No
hardcover,3.32,No,No,No,No
narration,3.32,No,No,No,No
premiered,3.32,No,No,Yes,No
receptive,3.32,No,No,No,No
supervise,3.32,No,No,No,No
uplifting,3.32,No,No,Yes,No
ascending,3.31,No,No,Yes,No
deadliest,3.31,No,No,No,No
digestion,3.31,No,No,No,No
engraving,3.31,No,No,Yes,No
extremism,3.31,No,No,No,No
finalized,3.31,No,No,Yes,No
labyrinth,3.31,No,No,No,No
oblivious,3.31,Yes,No,No,No
outlining,3.31,No,No,Yes,No
patriarch,3.31,No,No,No,No
penthouse,3.31,No,No,No,No
regulates,3.31,Yes,No,Yes,No
shoreline,3.31,No,No,No,No
sickening,3.31,No,No,Yes,No
toughness,3.31,Yes,No,No,No
unethical,3.31,No,No,No,No
vigilante,3.31,No,No,No,No
whitehall,3.31,No,No,No,No
attentive,3.3,No,No,No,No
blasphemy,3.3,No,No,No,No
blueberry,3.3,No,No,No,No
brigadier,3.3,No,No,No,No
cameraman,3.3,No,No,No,No
commended,3.3,No,No,Yes,No
compiling,3.3,No,No,Yes,No
constance,3.3,No,No,No,No
fifteenth,3.3,No,No,No,No
headphone,3.3,No,No,No,No
hemingway,3.3,No,No,No,No
inverness,3.3,Yes,No,No,No
knoxville,3.3,No,No,No,No
margarita,3.3,No,No,No,No
pedophile,3.3,No,No,No,No
perfected,3.3,No,No,Yes,No
periphery,3.3,No,No,No,No
polarized,3.3,No,No,Yes,No
sclerosis,3.3,Yes,No,No,No
adversary,3.29,No,No,No,No
afflicted,3.29,No,No,Yes,No
alienated,3.29,No,No,Yes,No
ascertain,3.29,No,No,No,No
bloodshed,3.29,No,No,Yes,No
commuting,3.29,No,No,Yes,No
construed,3.29,No,No,Yes,No
crumbling,3.29,No,No,Yes,No
daredevil,3.29,No,No,No,No
eradicate,3.29,No,No,No,No
extortion,3.29,No,No,No,No
navigator,3.29,No,No,No,No
pioneered,3.29,No,No,Yes,No
prettiest,3.29,No,No,No,No
purported,3.29,No,No,Yes,No
removable,3.29,No,No,No,No
signifies,3.29,Yes,No,Yes,No
sunscreen,3.29,No,No,No,No
tightened,3.29,No,No,Yes,No
wiltshire,3.29,No,No,No,No
alejandro,3.28,No,No,No,No
amplitude,3.28,No,No,No,No
annotated,3.28,No,No,Yes,No
assigning,3.28,No,No,Yes,No
badminton,3.28,No,No,No,No
barbarian,3.28,No,No,No,No
boardwalk,3.28,No,No,No,No
dignified,3.28,No,No,Yes,No
grotesque,3.28,No,No,No,No
legalized,3.28,No,No,Yes,No
polishing,3.28,No,No,Yes,No
reckoning,3.28,No,No,Yes,No
seasoning,3.28,No,No,Yes,No
showcased,3.28,No,No,Yes,No
adversely,3.27,No,No,No,No
concerted,3.27,No,No,Yes,No
cornelius,3.27,Yes,No,No,No
crucified,3.27,No,No,Yes,No
customize,3.27,No,No,No,No
emptiness,3.27,Yes,No,No,No
encompass,3.27,Yes,No,No,No
firepower,3.27,No,No,No,No
formative,3.27,No,No,No,No
impulsive,3.27,No,No,No,No
inserting,3.27,No,No,Yes,No
inventing,3.27,No,No,Yes,No
limitless,3.27,Yes,No,No,No
monologue,3.27,No,No,No,No
musically,3.27,No,No,No,No
nervously,3.27,No,No,No,No
nighttime,3.27,No,No,No,No
nonlinear,3.27,No,No,No,No
numbering,3.27,No,No,Yes,No
parasitic,3.27,No,No,No,No
secession,3.27,No,No,No,No
sectarian,3.27,No,No,No,No
trembling,3.27,No,No,Yes,No
unlocking,3.27,No,No,Yes,No
vanishing,3.27,No,No,Yes,No
venerable,3.27,No,No,No,No
visualize,3.27,No,No,No,No
youngster,3.27,No,No,No,No
advisable,3.26,No,No,No,No
attaching,3.26,No,No,Yes,No
bandwagon,3.26,No,No,No,No
cartilage,3.26,No,No,No,No
detriment,3.26,No,No,No,No
disparate,3.26,No,No,No,No
distilled,3.26,No,No,Yes,No
eternally,3.26,No,No,No,No
grounding,3.26,No,No,Yes,No
gunpowder,3.26,No,No,No,No
icelandic,3.26,No,No,No,No
inventive,3.26,No,No,No,No
inversion,3.26,No,No,No,No
longitude,3.26,No,No,No,No
mercenary,3.26,No,No,No,No
orthodoxy,3.26,No,No,No,No
recruiter,3.26,No,No,No,No
reforming,3.26,No,No,Yes,No
repressed,3.26,No,No,Yes,No
resigning,3.26,No,No,Yes,No
secretive,3.26,No,No,No,No
serotonin,3.26,No,No,No,No
asparagus,3.25,Yes,No,No,No
awkwardly,3.25,No,No,No,No
budgeting,3.25,No,No,Yes,No
cambodian,3.25,No,No,No,No
cassandra,3.25,No,No,No,No
cessation,3.25,No,No,No,No
combating,3.25,No,No,Yes,No
cricketer,3.25,No,No,No,No
disagrees,3.25,Yes,No,Yes,No
excavated,3.25,No,No,Yes,No
guideline,3.25,No,No,No,No
hawthorne,3.25,No,No,No,No
heartland,3.25,No,No,No,No
immersive,3.25,No,No,No,No
inference,3.25,No,No,No,No
jellyfish,3.25,No,No,No,No
migrating,3.25,No,No,Yes,No
modernity,3.25,No,No,No,No
narrowing,3.25,No,No,Yes,No
patterned,3.25,No,No,Yes,No
pesticide,3.25,No,No,No,No
refreshed,3.25,No,No,Yes,No
revisited,3.25,No,No,Yes,No
snowflake,3.25,No,No,No,No
strangest,3.25,No,No,No,No
sylvester,3.25,No,No,No,No
throwback,3.25,No,No,No,No
ultimatum,3.25,No,No,No,No
archibald,3.24,No,No,No,No
branching,3.24,No,No,Yes,No
conducive,3.24,No,No,No,No
dismantle,3.24,No,No,No,No
elisabeth,3.24,No,No,No,No
endorsing,3.24,No,No,Yes,No
estranged,3.24,No,No,Yes,No
flattered,3.24,No,No,Yes,No
gladstone,3.24,No,No,No,No
impacting,3.24,No,No,Yes,No
insidious,3.24,Yes,No,No,No
marseille,3.24,No,No,No,No
moustache,3.24,No,No,No,No
nevermind,3.24,No,No,No,No
nocturnal,3.24,No,No,No,No
paternity,3.24,No,No,No,No
plutonium,3.24,No,No,No,No
psychosis,3.24,Yes,No,No,No
rectangle,3.24,No,No,No,No
recurrent,3.24,No,No,No,No
reopening,3.24,No,No,Yes,No
requisite,3.24,No,No,No,No
semifinal,3.24,No,No,No,No
specifies,3.24,Yes,No,Yes,No
sprinkled,3.24,No,No,Yes,No
strangled,3.24,No,No,Yes,No
thumbnail,3.24,No,No,No,No
underside,3.24,No,No,No,No
unloading,3.24,No,No,Yes,No
watergate,3.24,No,No,No,No
whirlwind,3.24,No,No,No,No
annapolis,3.23,Yes,No,No,No
downgrade,3.23,No,No,No,No
embryonic,3.23,No,No,No,No
formulate,3.23,No,No,No,No
glorified,3.23,No,No,Yes,No
ingenuity,3.23,No,No,No,No
injecting,3.23,No,No,Yes,No
inorganic,3.23,No,No,No,No
intestine,3.23,No,No,No,No
isolating,3.23,No,No,Yes,No
itinerary,3.23,No,No,No,No
justifies,3.23,Yes,No,Yes,No
neurology,3.23,No,No,No,No
nietzsche,3.23,No,No,No,No
parchment,3.23,No,No,No,No
seductive,3.23,No,No,No,No
shielding,3.23,No,No,Yes,No
stretcher,3.23,No,No,No,No
summarize,3.23,No,No,No,No
torturing,3.23,No,No,Yes,No
unfounded,3.23,No,No,Yes,No
uninsured,3.23,No,No,Yes,No
analysing,3.22,No,No,Yes,No
armistice,3.22,No,No,No,No
carbonate,3.22,No,No,No,No
catalytic,3.22,No,No,No,No
clientele,3.22,No,No,No,No
colouring,3.22,No,No,Yes,No
craftsman,3.22,No,No,No,No
curvature,3.22,No,No,No,No
enactment,3.22,No,No,No,No
enlighten,3.22,No,No,No,No
erroneous,3.22,Yes,No,No,No
frivolous,3.22,Yes,No,No,No
grappling,3.22,No,No,Yes,No
menstrual,3.22,No,No,No,No
northward,3.22,No,No,No,No
nurturing,3.22,No,No,Yes,No
panicking,3.22,No,No,Yes,No
pictorial,3.22,No,No,No,No
relieving,3.22,No,No,Yes,No
reverence,3.22,No,No,No,No
seduction,3.22,No,No,No,No
straining,3.22,No,No,Yes,No
tasmanian,3.22,No,No,No,No
unsettled,3.22,No,No,Yes,No
unveiling,3.22,No,No,Yes,No
absurdity,3.21,No,No,No,No
americana,3.21,No,No,No,No
anastasia,3.21,No,No,No,No
apostolic,3.21,No,No,No,No
applauded,3.21,No,No,Yes,No
caliphate,3.21,No,No,No,No
chihuahua,3.21,No,No,No,No
complying,3.21,No,No,Yes,No
conqueror,3.21,No,No,No,No
dominique,3.21,No,No,No,No
ferocious,3.21,Yes,No,No,No
forensics,3.21,Yes,No,No,No
geologist,3.21,No,No,No,No
goldsmith,3.21,No,No,No,No
interacts,3.21,Yes,No,Yes,No
kilometre,3.21,No,No,No,No
migratory,3.21,No,No,No,No
modernist,3.21,No,No,No,No
panoramic,3.21,No,No,No,No
paparazzi,3.21,No,Yes,No,No
parkinson,3.21,No,No,No,No
playhouse,3.21,No,No,No,No
schoolboy,3.21,No,No,No,No
staggered,3.21,No,No,Yes,No
symmetric,3.21,No,No,No,No
vertebrae,3.21,No,Yes,No,No
whistling,3.21,No,No,Yes,No
yellowish,3.21,No,No,No,No
blatantly,3.2,No,No,No,No
canceling,3.2,No,No,Yes,No
clockwise,3.2,No,No,No,No
clockwork,3.2,No,No,No,No
coincides,3.2,Yes,No,Yes,No
confronts,3.2,Yes,No,Yes,No
correlate,3.2,No,No,No,No
courteous,3.2,Yes,No,No,No
craftsmen,3.2,No,Yes,No,No
criticise,3.2,No,No,No,No
curiously,3.2,No,No,No,No
detergent,3.2,No,No,No,No
downwards,3.2,Yes,No,No,No
favorably,3.2,No,No,No,No
heartache,3.2,No,No,No,No
homeowner,3.2,No,No,No,No
imitating,3.2,No,No,Yes,No
insurgent,3.2,No,No,No,No
limousine,3.2,No,No,No,No
meteorite,3.2,No,No,No,No
obscurity,3.2,No,No,No,No
onslaught,3.2,No,No,No,No
partridge,3.2,No,No,No,No
recapture,3.2,No,No,No,No
recounted,3.2,No,No,Yes,No
satisfies,3.2,Yes,No,Yes,No
spiderman,3.2,No,No,No,No
stiffness,3.2,Yes,No,No,No
undecided,3.2,No,No,Yes,No
agitation,3.19,No,No,No,No
agreeable,3.19,No,No,No,No
algebraic,3.19,No,No,No,No
assertive,3.19,No,No,No,No
breakaway,3.19,No,No,No,No
courtship,3.19,No,No,No,No
deepening,3.19,No,No,Yes,No
dystopian,3.19,No,No,No,No
entourage,3.19,No,No,No,No
furiously,3.19,No,No,No,No
gladiator,3.19,No,No,No,No
gymnasium,3.19,No,No,No,No
hammering,3.19,No,No,Yes,No
impromptu,3.19,No,No,No,No
intersect,3.19,No,No,No,No
kilometer,3.19,No,No,No,No
lettering,3.19,No,No,Yes,No
mammalian,3.19,No,No,No,No
millennia,3.19,No,Yes,No,No
motorbike,3.19,No,No,No,No
notoriety,3.19,No,No,No,No
paramedic,3.19,No,No,No,No
perverted,3.19,No,No,Yes,No
prophetic,3.19,No,No,No,No
radiology,3.19,No,No,No,No
remission,3.19,No,No,No,No
rewritten,3.19,No,No,Yes,No
ridiculed,3.19,No,No,Yes,No
rotterdam,3.19,No,No,No,No
sacrament,3.19,No,No,No,No
sprawling,3.19,No,No,Yes,No
undergoes,3.19,Yes,No,Yes,No
unearthed,3.19,No,No,Yes,No
uniformly,3.19,No,No,No,No
variously,3.19,No,No,No,No
wasteland,3.19,No,No,No,No
activates,3.18,Yes,No,Yes,No
aeroplane,3.18,No,No,No,No
andromeda,3.18,No,No,No,No
attaining,3.18,No,No,Yes,No
barometer,3.18,No,No,No,No
bucharest,3.18,No,No,No,No
cleopatra,3.18,No,No,No,No
composure,3.18,No,No,No,No
conveying,3.18,No,No,Yes,No
disabling,3.18,No,No,Yes,No
entangled,3.18,No,No,Yes,No
fermented,3.18,No,No,Yes,No
hydration,3.18,No,No,No,No
laughable,3.18,No,No,No,No
makeshift,3.18,No,No,No,No
overdrive,3.18,No,No,No,No
plastered,3.18,No,No,Yes,No
popularly,3.18,No,No,No,No
repulsive,3.18,No,No,No,No
sleepless,3.18,Yes,No,No,No
tampering,3.18,No,No,Yes,No
uniformed,3.18,No,No,Yes,No
anecdotal,3.17,No,No,No,No
animosity,3.17,No,No,No,No
bombarded,3.17,No,No,Yes,No
capacitor,3.17,No,No,No,No
chauffeur,3.17,No,No,No,No
circulate,3.17,No,No,No,No
clergyman,3.17,No,No,No,No
clutching,3.17,No,No,Yes,No
congested,3.17,No,No,Yes,No
cranberry,3.17,No,No,No,No
deceiving,3.17,No,No,Yes,No
disgraced,3.17,No,No,Yes,No
enrolling,3.17,No,No,Yes,No
flammable,3.17,No,No,No,No
greyhound,3.17,No,No,No,No
jordanian,3.17,No,No,No,No
miserably,3.17,No,No,No,No
motivates,3.17,Yes,No,Yes,No
palladium,3.17,No,No,No,No
promenade,3.17,No,No,No,No
reconnect,3.17,No,No,No,No
starboard,3.17,No,No,No,No
stupidest,3.17,No,No,No,No
tormented,3.17,No,No,Yes,No
uncharted,3.17,No,No,Yes,No
upholding,3.17,No,No,Yes,No
attrition,3.16,No,No,No,No
autopilot,3.16,No,No,No,No
blackjack,3.16,No,No,No,No
bluegrass,3.16,Yes,No,No,No
budgetary,3.16,No,No,No,No
cavendish,3.16,No,No,No,No
cockroach,3.16,No,No,No,No
diversify,3.16,No,No,No,No
embarking,3.16,No,No,Yes,No
foresight,3.16,No,No,No,No
hamstring,3.16,No,No,Yes,No
horseshoe,3.16,No,No,No,No
inpatient,3.16,No,No,No,No
intensify,3.16,No,No,No,No
letterman,3.16,No,No,No,No
martyrdom,3.16,No,No,No,No
menopause,3.16,No,No,No,No
mussolini,3.16,No,No,No,No
mutilated,3.16,No,No,Yes,No
resorting,3.16,No,No,Yes,No
seniority,3.16,No,No,No,No
severance,3.16,No,No,No,No
shorthand,3.16,No,No,No,No
socialize,3.16,No,No,No,No
sportsman,3.16,No,No,No,No
succumbed,3.16,No,No,Yes,No
vigilance,3.16,No,No,No,No
affirming,3.15,No,No,Yes,No
bombshell,3.15,No,No,No,No
cancerous,3.15,Yes,No,No,No
carcinoma,3.15,No,No,No,No
conserved,3.15,No,No,Yes,No
contrived,3.15,No,No,Yes,No
crunching,3.15,No,No,Yes,No
disbanded,3.15,No,No,Yes,No
exchequer,3.15,No,No,No,No
formality,3.15,No,No,No,No
fortitude,3.15,No,No,No,No
grievance,3.15,No,No,No,No
impeached,3.15,No,No,Yes,No
impedance,3.15,No,No,No,No
interplay,3.15,No,No,No,No
labelling,3.15,No,No,Yes,No
mobilized,3.15,No,No,Yes,No
monograph,3.15,No,No,No,No
nightlife,3.15,No,No,No,No
overwhelm,3.15,No,No,No,No
proponent,3.15,No,No,No,No
quadruple,3.15,No,No,No,No
recreated,3.15,No,No,Yes,No
samaritan,3.15,No,No,No,No
saxophone,3.15,No,No,No,No
shellfish,3.15,No,No,No,No
showering,3.15,No,No,Yes,No
singleton,3.15,No,No,No,No
tombstone,3.15,No,No,No,No
tributary,3.15,No,No,No,No
unchecked,3.15,No,No,Yes,No
unsecured,3.15,No,No,Yes,No
weathered,3.15,No,No,Yes,No
worsening,3.15,No,No,Yes,No
atrocious,3.14,Yes,No,No,No
closeness,3.14,Yes,No,No,No
conceding,3.14,No,No,Yes,No
contended,3.14,No,No,Yes,No
crossword,3.14,No,No,No,No
depletion,3.14,No,No,No,No
dispersal,3.14,No,No,No,No
himalayan,3.14,No,No,No,No
lecturing,3.14,No,No,Yes,No
moderated,3.14,No,No,Yes,No
ombudsman,3.14,No,No,No,No
overtaken,3.14,No,No,Yes,No
pickering,3.14,No,No,Yes,No
rewriting,3.14,No,No,Yes,No
sedentary,3.14,No,No,No,No
shivering,3.14,No,No,Yes,No
someplace,3.14,No,No,No,No
starlight,3.14,No,No,No,No
steadfast,3.14,No,No,No,No
stylistic,3.14,No,No,No,No
unplanned,3.14,No,No,Yes,No
unwelcome,3.14,No,No,No,No
whitehead,3.14,No,No,No,No
allotment,3.13,No,No,No,No
betraying,3.13,No,No,Yes,No
blacklist,3.13,No,No,No,No
commotion,3.13,No,No,No,No
concierge,3.13,No,No,No,No
debatable,3.13,No,No,No,No
endearing,3.13,No,No,Yes,No
flotation,3.13,No,No,No,No
habitable,3.13,No,No,No,No
incubator,3.13,No,No,No,No
modernism,3.13,No,No,No,No
reiterate,3.13,No,No,No,No
resultant,3.13,No,No,No,No
supernova,3.13,No,No,No,No
treachery,3.13,No,No,No,No
unmatched,3.13,No,No,Yes,No
viscosity,3.13,No,No,No,No
adaptable,3.12,No,No,No,No
comforted,3.12,No,No,Yes,No
confesses,3.12,Yes,No,Yes,No
consented,3.12,No,No,Yes,No
custodian,3.12,No,No,No,No
deodorant,3.12,No,No,No,No
detonated,3.12,No,No,Yes,No
dormitory,3.12,No,No,No,No
emigrated,3.12,No,No,Yes,No
freshness,3.12,Yes,No,No,No
katharine,3.12,No,No,No,No
massacred,3.12,No,No,Yes,No
motorized,3.12,No,No,Yes,No
overgrown,3.12,No,No,Yes,No
overruled,3.12,No,No,Yes,No
predictor,3.12,No,No,No,No
priscilla,3.12,No,No,No,No
professed,3.12,No,No,Yes,No
restricts,3.12,Yes,No,Yes,No
schematic,3.12,No,No,No,No
scoreless,3.12,Yes,No,No,No
stitching,3.12,No,No,Yes,No
stockpile,3.12,No,No,No,No
strenuous,3.12,Yes,No,No,No
surcharge,3.12,No,No,No,No
throbbing,3.12,No,No,Yes,No
treasured,3.12,No,No,Yes,No
adoration,3.11,No,No,No,No
amounting,3.11,No,No,Yes,No
conspired,3.11,No,No,Yes,No
corrosive,3.11,No,No,No,No
cowardice,3.11,No,No,No,No
dizziness,3.11,Yes,No,No,No
enigmatic,3.11,No,No,No,No
envisaged,3.11,No,No,Yes,No
ethically,3.11,No,No,No,No
humankind,3.11,No,No,No,No
indulging,3.11,No,No,Yes,No
inhibited,3.11,No,No,Yes,No
landowner,3.11,No,No,No,No
leveraged,3.11,No,No,Yes,No
limelight,3.11,No,No,No,No
manganese,3.11,No,No,No,No
midsummer,3.11,No,No,No,No
momentous,3.11,Yes,No,No,No
nightfall,3.11,No,No,No,No
pneumatic,3.11,No,No,No,No
polyester,3.11,No,No,No,No
protester,3.11,No,No,No,No
reassured,3.11,No,No,Yes,No
scapegoat,3.11,No,No,No,No
secretion,3.11,No,No,No,No
shipwreck,3.11,No,No,No,No
shirtless,3.11,Yes,No,No,No
tolerable,3.11,No,No,No,No
unplugged,3.11,No,No,Yes,No
actuality,3.1,No,No,No,No
burlesque,3.1,No,No,No,No
causation,3.1,No,No,No,No
chameleon,3.1,No,No,No,No
confucius,3.1,Yes,No,No,No
craziness,3.1,Yes,No,No,No
custodial,3.1,No,No,No,No
delegated,3.1,No,No,Yes,No
dismisses,3.1,Yes,No,Yes,No
dissident,3.1,No,No,No,No
egregious,3.1,Yes,No,No,No
fledgling,3.1,No,No,Yes,No
hereafter,3.1,No,No,No,No
hijacking,3.1,No,No,Yes,No
macintosh,3.1,No,No,No,No
medallion,3.1,No,No,No,No
nominally,3.1,No,No,No,No
normative,3.1,No,No,No,No
patchwork,3.1,No,No,No,No
pseudonym,3.1,No,No,No,No
purgatory,3.1,No,No,No,No
restarted,3.1,No,No,Yes,No
retaliate,3.1,No,No,No,No
semblance,3.1,No,No,No,No
sidelined,3.1,No,No,Yes,No
transcend,3.1,No,No,No,No
violinist,3.1,No,No,No,No
whimsical,3.1,No,No,No,No
wrenching,3.1,No,No,Yes,No
accordion,3.09,No,No,No,No
allegheny,3.09,No,No,No,No
anxiously,3.09,No,No,No,No
assailant,3.09,No,No,No,No
atonement,3.09,No,No,No,No
barricade,3.09,No,No,No,No
blackness,3.09,Yes,No,No,No
briefcase,3.09,No,No,No,No
clustered,3.09,No,No,Yes,No
coherence,3.09,No,No,No,No
consonant,3.09,No,No,No,No
diaphragm,3.09,No,No,No,No
dichotomy,3.09,No,No,No,No
doubtless,3.09,Yes,No,No,No
dwindling,3.09,No,No,Yes,No
enrolment,3.09,No,No,No,No
genitalia,3.09,No,No,No,No
granville,3.09,No,No,No,No
illogical,3.09,No,No,No,No
indulgent,3.09,No,No,No,No
interlude,3.09,No,No,No,No
irritable,3.09,No,No,No,No
laminated,3.09,No,No,Yes,No
leviathan,3.09,No,No,No,No
mongolian,3.09,No,No,No,No
propagate,3.09,No,No,No,No
reinstate,3.09,No,No,No,No
retailing,3.09,No,No,Yes,No
scarecrow,3.09,No,No,No,No
sceptical,3.09,No,No,No,No
scrubbing,3.09,No,No,Yes,No
softening,3.09,No,No,Yes,No
splashing,3.09,No,No,Yes,No
strolling,3.09,No,No,Yes,No
verifying,3.09,No,No,Yes,No
burroughs,3.08,Yes,No,No,No
cautioned,3.08,No,No,Yes,No
champaign,3.08,No,No,No,No
civilised,3.08,No,No,Yes,No
crossfire,3.08,No,No,No,No
diverting,3.08,No,No,Yes,No
fairbanks,3.08,Yes,No,No,No
foregoing,3.08,No,No,Yes,No
hesitated,3.08,No,No,Yes,No
housework,3.08,No,No,No,No
humiliate,3.08,No,No,No,No
ingrained,3.08,No,No,Yes,No
machining,3.08,No,No,Yes,No
medallist,3.08,No,No,No,No
memorized,3.08,No,No,Yes,No
momentary,3.08,No,No,No,No
organizes,3.08,Yes,No,Yes,No
penalized,3.08,No,No,Yes,No
pondering,3.08,No,No,Yes,No
remarried,3.08,No,No,Yes,No
rembrandt,3.08,No,No,No,No
repealing,3.08,No,No,Yes,No
resonates,3.08,Yes,No,Yes,No
scorching,3.08,No,No,Yes,No
silencing,3.08,No,No,Yes,No
statehood,3.08,No,No,No,No
videotape,3.08,No,No,No,No
alchemist,3.07,No,No,No,No
cantonese,3.07,No,No,No,No
casserole,3.07,No,No,No,No
cellulose,3.07,No,No,No,No
circuitry,3.07,No,No,No,No
curtailed,3.07,No,No,Yes,No
decimated,3.07,No,No,Yes,No
deflected,3.07,No,No,Yes,No
destitute,3.07,No,No,No,No
dexterity,3.07,No,No,No,No
drugstore,3.07,No,No,No,No
emphasise,3.07,No,No,No,No
forfeited,3.07,No,No,Yes,No
fraternal,3.07,No,No,No,No
harrowing,3.07,No,No,Yes,No
leningrad,3.07,No,No,No,No
lifeguard,3.07,No,No,No,No
mimicking,3.07,No,No,Yes,No
minimally,3.07,No,No,No,No
mysticism,3.07,No,No,No,No
oxidative,3.07,No,No,No,No
polluting,3.07,No,No,Yes,No
publicist,3.07,No,No,No,No
scripting,3.07,No,No,Yes,No
sharpened,3.07,No,No,Yes,No
sociopath,3.07,No,No,No,No
southward,3.07,No,No,No,No
steamship,3.07,No,No,No,No
summoning,3.07,No,No,Yes,No
totalling,3.07,No,No,Yes,No
trimester,3.07,No,No,No,No
willfully,3.07,No,No,No,No
ancillary,3.06,No,No,No,No
childless,3.06,Yes,No,No,No
cremation,3.06,No,No,No,No
endocrine,3.06,No,No,No,No
energized,3.06,No,No,Yes,No
excitedly,3.06,No,No,No,No
guillermo,3.06,No,No,No,No
homegrown,3.06,No,No,No,No
incognito,3.06,No,No,No,No
innocuous,3.06,Yes,No,No,No
mannequin,3.06,No,No,No,No
masterful,3.06,No,No,No,No
palatable,3.06,No,No,No,No
pensacola,3.06,No,No,No,No
profanity,3.06,No,No,No,No
regaining,3.06,No,No,Yes,No
rehearsed,3.06,No,No,Yes,No
reimburse,3.06,No,No,No,No
resurrect,3.06,No,No,No,No
scrapping,3.06,No,No,Yes,No
shuffling,3.06,No,No,Yes,No
stimulant,3.06,No,No,No,No
townhouse,3.06,No,No,No,No
bacterium,3.05,No,No,No,No
centurion,3.05,No,No,No,No
clarendon,3.05,No,No,No,No
defiantly,3.05,No,No,No,No
eastbound,3.05,No,No,No,No
eucharist,3.05,No,No,No,No
exclaimed,3.05,No,No,Yes,No
feathered,3.05,No,No,Yes,No
fiduciary,3.05,No,No,No,No
freighter,3.05,No,No,No,No
genevieve,3.05,No,No,No,No
henrietta,3.05,No,No,No,No
insistent,3.05,No,No,No,No
leisurely,3.05,No,No,No,No
lubricant,3.05,No,No,No,No
melodrama,3.05,No,No,No,No
minimized,3.05,No,No,Yes,No
observant,3.05,No,No,No,No
parochial,3.05,No,No,No,No
perplexed,3.05,No,No,Yes,No
phenotype,3.05,No,No,No,No
retracted,3.05,No,No,Yes,No
sprinkler,3.05,No,No,No,No
tailoring,3.05,No,No,Yes,No
ticketing,3.05,No,No,Yes,No
undivided,3.05,No,No,Yes,No
unskilled,3.05,No,No,Yes,No
unwritten,3.05,No,No,No,No
vehicular,3.05,No,No,No,No
willpower,3.05,No,No,No,No
acquittal,3.04,No,No,No,No
auctioned,3.04,No,No,Yes,No
backfired,3.04,No,No,Yes,No
bleaching,3.04,No,No,Yes,No
boundless,3.04,Yes,No,No,No
broadened,3.04,No,No,Yes,No
curricula,3.04,No,Yes,No,No
emulation,3.04,No,No,No,No
enriching,3.04,No,No,Yes,No
enshrined,3.04,No,No,Yes,No
flavoured,3.04,No,No,Yes,No
fruitless,3.04,Yes,No,No,No
grassland,3.04,No,No,No,No
merciless,3.04,Yes,No,No,No
remodeled,3.04,No,No,Yes,No
replenish,3.04,No,No,No,No
saltwater,3.04,No,No,No,No
schoolers,3.04,Yes,No,No,No
scrimmage,3.04,No,No,No,No
shortstop,3.04,No,No,No,No
smoothing,3.04,No,No,Yes,No
stalemate,3.04,No,No,No,No
streetcar,3.04,No,No,No,No
supremely,3.04,No,No,No,No
symbolize,3.04,No,No,No,No
tenacious,3.04,Yes,No,No,No
undefined,3.04,No,No,Yes,No
westbound,3.04,No,No,No,No
byproduct,3.03,No,No,No,No
configure,3.03,No,No,No,No
congolese,3.03,No,No,No,No
contagion,3.03,No,No,No,No
dispenser,3.03,No,No,No,No
dragonfly,3.03,No,No,No,No
emanating,3.03,No,No,Yes,No
evocative,3.03,No,No,No,No
fingering,3.03,No,No,Yes,No
incessant,3.03,No,No,No,No
incurable,3.03,No,No,No,No
infringed,3.03,No,No,Yes,No
inundated,3.03,No,No,Yes,No
invariant,3.03,No,No,No,No
jailbreak,3.03,No,No,No,No
magnetism,3.03,No,No,No,No
manoeuvre,3.03,No,No,No,No
milkshake,3.03,No,No,No,No
modernize,3.03,No,No,No,No
notifying,3.03,No,No,Yes,No
olfactory,3.03,No,No,No,No
petrified,3.03,No,No,Yes,No
radiating,3.03,No,No,Yes,No
scavenger,3.03,No,No,No,No
servitude,3.03,No,No,No,No
siegfried,3.03,No,No,Yes,No
steamboat,3.03,No,No,No,No
tasteless,3.03,Yes,No,No,No
truncated,3.03,No,No,Yes,No
untrained,3.03,No,No,Yes,No
wealthier,3.03,No,No,No,No
anarchism,3.02,No,No,No,No
apprehend,3.02,No,No,No,No
bystander,3.02,No,No,No,No
catchment,3.02,No,No,No,No
colorless,3.02,Yes,No,No,No
depriving,3.02,No,No,Yes,No
diarrhoea,3.02,No,No,No,No
disposing,3.02,No,No,Yes,No
elevating,3.02,No,No,Yes,No
escalator,3.02,No,No,No,No
fanatical,3.02,No,No,No,No
headlined,3.02,No,No,Yes,No
improvise,3.02,No,No,No,No
outwardly,3.02,No,No,No,No
racetrack,3.02,No,No,No,No
rescinded,3.02,No,No,Yes,No
roadblock,3.02,No,No,No,No
shoemaker,3.02,No,No,No,No
shortfall,3.02,No,No,No,No
smothered,3.02,No,No,Yes,No
sparingly,3.02,No,No,No,No
sumptuous,3.02,Yes,No,No,No
transmits,3.02,Yes,No,Yes,No
umbilical,3.02,No,No,No,No
whereupon,3.02,No,No,No,No
withdraws,3.02,Yes,No,Yes,No
aggressor,3.01,No,No,No,No
bickering,3.01,No,No,Yes,No
butchered,3.01,No,No,Yes,No
bypassing,3.01,No,No,Yes,No
capricorn,3.01,No,No,No,No
deciduous,3.01,Yes,No,No,No
equipping,3.01,No,No,Yes,No
evaporate,3.01,No,No,No,No
financier,3.01,No,No,No,No
formatted,3.01,No,No,Yes,No
hindrance,3.01,No,No,No,No
inanimate,3.01,No,No,No,No
innovator,3.01,No,No,No,No
legislate,3.01,No,No,No,No
mirroring,3.01,No,No,Yes,No
mistaking,3.01,No,No,Yes,No
passively,3.01,No,No,No,No
pepperoni,3.01,No,No,No,No
pitchfork,3.01,No,No,No,No
rationing,3.01,No,No,Yes,No
rearrange,3.01,No,No,No,No
redeeming,3.01,No,No,Yes,No
revolting,3.01,No,No,Yes,No
sharpness,3.01,Yes,No,No,No
sketching,3.01,No,No,Yes,No
skydiving,3.01,No,No,Yes,No
solitaire,3.01,No,No,No,No
sprinting,3.01,No,No,Yes,No
sweetened,3.01,No,No,Yes,No
untenable,3.01,No,No,No,No
usability,3.01,No,No,No,No
veritable,3.01,No,No,No,No
affective,3,No,No,No,No
amazement,3,No,No,No,No
bloodbath,3,No,No,No,No
conundrum,3,No,No,No,No
earmarked,3,No,No,Yes,No
embedding,3,No,No,Yes,No
extremity,3,No,No,No,No
gestation,3,No,No,No,No
nefarious,3,Yes,No,No,No
normalize,3,No,No,No,No
pantomime,3,No,No,No,No
peacetime,3,No,No,No,No
rainwater,3,No,No,No,No
reflector,3,No,No,No,No
renounced,3,No,No,Yes,No
segmented,3,No,No,Yes,No
succulent,3,No,No,No,No
surpasses,3,Yes,No,Yes,No
telemetry,3,No,No,No,No
testifies,3,Yes,No,Yes,No
whiteness,3,Yes,No,No,No
agonizing,2.99,No,No,Yes,No
biometric,2.99,No,No,No,No
blackened,2.99,No,No,Yes,No
colonized,2.99,No,No,Yes,No
columbian,2.99,No,No,No,No
dispensed,2.99,No,No,Yes,No
distanced,2.99,No,No,Yes,No
ephemeral,2.99,No,No,No,No
eponymous,2.99,Yes,No,No,No
escorting,2.99,No,No,Yes,No
fluctuate,2.99,No,No,No,No
frustrate,2.99,No,No,No,No
hardening,2.99,No,No,Yes,No
incarnate,2.99,No,No,No,No
ingestion,2.99,No,No,No,No
inquiring,2.99,No,No,Yes,No
magnified,2.99,No,No,Yes,No
mainframe,2.99,No,No,No,No
minuscule,2.99,No,No,No,No
neolithic,2.99,No,No,No,No
obsessing,2.99,No,No,Yes,No
outfitted,2.99,No,No,Yes,No
redefined,2.99,No,No,Yes,No
retriever,2.99,No,No,No,No
shredding,2.99,No,No,Yes,No
sportsmen,2.99,No,Yes,No,No
squatting,2.99,No,No,Yes,No
stonewall,2.99,No,No,No,No
thrashing,2.99,No,No,Yes,No
twitching,2.99,No,No,Yes,No
unhelpful,2.99,No,No,No,No
unscathed,2.99,No,No,Yes,No
whirlpool,2.99,No,No,No,No
archangel,2.98,No,No,No,No
bloodline,2.98,No,No,No,No
breaching,2.98,No,No,Yes,No
captaincy,2.98,No,No,No,No
checkmate,2.98,No,No,No,No
clinician,2.98,No,No,No,No
convinces,2.98,Yes,No,Yes,No
cosmology,2.98,No,No,No,No
deafening,2.98,No,No,Yes,No
divorcing,2.98,No,No,Yes,No
expedited,2.98,No,No,Yes,No
fragility,2.98,No,No,No,No
hatchback,2.98,No,No,No,No
instructs,2.98,Yes,No,Yes,No
jamestown,2.98,No,No,No,No
methadone,2.98,No,No,No,No
mitigated,2.98,No,No,Yes,No
networked,2.98,No,No,Yes,No
outnumber,2.98,No,No,No,No
ovulation,2.98,No,No,No,No
profusely,2.98,No,No,No,No
punctured,2.98,No,No,Yes,No
quadratic,2.98,No,No,No,No
repertory,2.98,No,No,No,No
snatching,2.98,No,No,Yes,No
stillness,2.98,Yes,No,No,No
supposing,2.98,No,No,Yes,No
underline,2.98,No,No,No,No
venturing,2.98,No,No,Yes,No
weighting,2.98,No,No,Yes,No
abhorrent,2.97,No,No,No,No
allowable,2.97,No,No,No,No
anaerobic,2.97,No,No,No,No
anchoring,2.97,No,No,Yes,No
avoidable,2.97,No,No,No,No
blackwood,2.97,No,No,No,No
bolshevik,2.97,No,No,No,No
carpentry,2.97,No,No,No,No
censoring,2.97,No,No,Yes,No
circadian,2.97,No,No,No,No
clarifies,2.97,Yes,No,Yes,No
deceitful,2.97,No,No,No,No
elegantly,2.97,No,No,No,No
embroiled,2.97,No,No,Yes,No
equalizer,2.97,No,No,No,No
evaluates,2.97,Yes,No,Yes,No
exuberant,2.97,No,No,No,No
facsimile,2.97,No,No,No,No
gibberish,2.97,No,No,No,No
grandiose,2.97,No,No,No,No
harmonica,2.97,No,No,No,No
headlight,2.97,No,No,No,No
housemate,2.97,No,No,No,No
instilled,2.97,No,No,Yes,No
lightness,2.97,Yes,No,No,No
mortified,2.97,No,No,Yes,No
navigable,2.97,No,No,No,No
overjoyed,2.97,No,No,Yes,No
pacemaker,2.97,No,No,No,No
pandering,2.97,No,No,Yes,No
pessimism,2.97,No,No,No,No
posterity,2.97,No,No,No,No
rejoicing,2.97,No,No,Yes,No
resentful,2.97,No,No,No,No
talkative,2.97,No,No,No,No
watermark,2.97,No,No,No,No
archetype,2.96,No,No,No,No
boardroom,2.96,No,No,No,No
chevalier,2.96,No,No,No,No
commences,2.96,Yes,No,Yes,No
commenter,2.96,No,No,No,No
contented,2.96,No,No,Yes,No
deference,2.96,No,No,No,No
descartes,2.96,Yes,No,No,No
edwardian,2.96,No,No,No,No
factoring,2.96,No,No,Yes,No
fieldwork,2.96,No,No,No,No
foolishly,2.96,No,No,No,No
geraldine,2.96,No,No,No,No
hexagonal,2.96,No,No,No,No
impactful,2.96,No,No,No,No
impotence,2.96,No,No,No,No
increment,2.96,No,No,No,No
infecting,2.96,No,No,Yes,No
melatonin,2.96,No,No,No,No
modulated,2.96,No,No,Yes,No
persevere,2.96,No,No,No,No
playfully,2.96,No,No,No,No
proclaims,2.96,Yes,No,Yes,No
profiting,2.96,No,No,Yes,No
soldering,2.96,No,No,Yes,No
sugarcane,2.96,No,No,No,No
tightness,2.96,Yes,No,No,No
tinkering,2.96,No,No,Yes,No
toothless,2.96,Yes,No,No,No
turntable,2.96,No,No,No,No
undressed,2.96,No,No,Yes,No
uruguayan,2.96,No,No,No,No
amorphous,2.95,Yes,No,No,No
audacious,2.95,Yes,No,No,No
beheading,2.95,No,No,Yes,No
caledonia,2.95,No,No,No,No
captioned,2.95,No,No,Yes,No
centering,2.95,No,No,Yes,No
colliding,2.95,No,No,Yes,No
coriander,2.95,No,No,No,No
crucially,2.95,No,No,No,No
damnation,2.95,No,No,No,No
decorator,2.95,No,No,No,No
delirious,2.95,Yes,No,No,No
dissipate,2.95,No,No,No,No
expectant,2.95,No,No,No,No
geriatric,2.95,No,No,No,No
goddammit,2.95,No,No,No,No
goddamned,2.95,No,No,Yes,No
guidebook,2.95,No,No,No,No
hindustan,2.95,No,No,No,No
incursion,2.95,No,No,No,No
loosening,2.95,No,No,Yes,No
mongering,2.95,No,No,Yes,No
morbidity,2.95,No,No,No,No
muttering,2.95,No,No,Yes,No
northerly,2.95,No,No,No,No
plundered,2.95,No,No,Yes,No
priestess,2.95,Yes,No,No,No
reelected,2.95,No,No,Yes,No
resonated,2.95,No,No,Yes,No
retelling,2.95,No,No,Yes,No
reuniting,2.95,No,No,Yes,No
slingshot,2.95,No,No,No,No
tarnished,2.95,No,No,Yes,No
whitfield,2.95,No,No,No,No
anomalous,2.94,Yes,No,No,No
astounded,2.94,No,No,Yes,No
boycotted,2.94,No,No,Yes,No
channeled,2.94,No,No,Yes,No
childlike,2.94,No,No,No,No
cluttered,2.94,No,No,Yes,No
deepwater,2.94,No,No,No,No
dependant,2.94,No,No,No,No
enlisting,2.94,No,No,Yes,No
etymology,2.94,No,No,No,No
excalibur,2.94,No,No,No,No
federated,2.94,No,No,Yes,No
headliner,2.94,No,No,No,No
honeycomb,2.94,No,No,No,No
idealized,2.94,No,No,Yes,No
indemnity,2.94,No,No,No,No
installer,2.94,No,No,No,No
mausoleum,2.94,No,No,No,No
perceives,2.94,Yes,No,Yes,No
picturing,2.94,No,No,Yes,No
pituitary,2.94,No,No,No,No
repellent,2.94,No,No,No,No
scorecard,2.94,No,No,No,No
springing,2.94,No,No,Yes,No
tangerine,2.94,No,No,No,No
thrusting,2.94,No,No,Yes,No
unclaimed,2.94,No,No,Yes,No
amputated,2.93,No,No,Yes,No
captained,2.93,No,No,Yes,No
citizenry,2.93,No,No,No,No
confidant,2.93,No,No,No,No
deflation,2.93,No,No,No,No
demeaning,2.93,No,No,Yes,No
dictating,2.93,No,No,Yes,No
doctrinal,2.93,No,No,No,No
encircled,2.93,No,No,Yes,No
flustered,2.93,No,No,Yes,No
galloping,2.93,No,No,Yes,No
hindering,2.93,No,No,Yes,No
husbandry,2.93,No,No,No,No
hyperbole,2.93,No,No,No,No
ibuprofen,2.93,No,No,No,No
magdalene,2.93,No,No,No,No
medicated,2.93,No,No,Yes,No
midwifery,2.93,No,No,No,No
monsignor,2.93,No,No,No,No
moonshine,2.93,No,No,No,No
normality,2.93,No,No,No,No
overcomes,2.93,Yes,No,Yes,No
pinocchio,2.93,No,No,No,No
refueling,2.93,No,No,Yes,No
reserving,2.93,No,No,Yes,No
scrapbook,2.93,No,No,No,No
separator,2.93,No,No,No,No
solicited,2.93,No,No,Yes,No
splendour,2.93,No,No,No,No
subsidize,2.93,No,No,No,No
symbiotic,2.93,No,No,No,No
traversed,2.93,No,No,Yes,No
viciously,2.93,No,No,No,No
worksheet,2.93,No,No,No,No
ayatollah,2.92,No,No,No,No
bookshelf,2.92,No,No,No,No
brotherly,2.92,No,No,No,No
buffering,2.92,No,No,Yes,No
bumblebee,2.92,No,No,No,No
catechism,2.92,No,No,No,No
causality,2.92,No,No,No,No
combatant,2.92,No,No,No,No
concealer,2.92,No,No,No,No
dribbling,2.92,No,No,Yes,No
enveloped,2.92,No,No,Yes,No
epileptic,2.92,No,No,No,No
euphemism,2.92,No,No,No,No
falsehood,2.92,No,No,No,No
falsified,2.92,No,No,Yes,No
firestorm,2.92,No,No,No,No
godmother,2.92,No,No,No,No
hermitage,2.92,No,No,No,No
hourglass,2.92,Yes,No,No,No
levelling,2.92,No,No,Yes,No
liquefied,2.92,No,No,Yes,No
manchuria,2.92,No,No,No,No
matrimony,2.92,No,No,No,No
minefield,2.92,No,No,No,No
narrating,2.92,No,No,Yes,No
playmaker,2.92,No,No,No,No
printable,2.92,No,No,No,No
procuring,2.92,No,No,Yes,No
rectified,2.92,No,No,Yes,No
refinance,2.92,No,No,No,No
reformist,2.92,No,No,No,No
refresher,2.92,No,No,No,No
sabotaged,2.92,No,No,Yes,No
saskatoon,2.92,No,No,No,No
seclusion,2.92,No,No,No,No
signatory,2.92,No,No,No,No
slovenian,2.92,No,No,No,No
summation,2.92,No,No,No,No
surfacing,2.92,No,No,Yes,No
tiredness,2.92,Yes,No,No,No
weirdness,2.92,Yes,No,No,No
admirably,2.91,No,No,No,No
aphrodite,2.91,No,No,No,No
bannister,2.91,No,No,No,No
blackbird,2.91,No,No,No,No
chromatic,2.91,No,No,No,No
columbine,2.91,No,No,No,No
converged,2.91,No,No,Yes,No
crackling,2.91,No,No,Yes,No
crouching,2.91,No,No,Yes,No
defection,2.91,No,No,No,No
digitized,2.91,No,No,Yes,No
dissected,2.91,No,No,Yes,No
dynamical,2.91,No,No,No,No
esophagus,2.91,Yes,No,No,No
guacamole,2.91,No,No,No,No
harbinger,2.91,No,No,No,No
harnessed,2.91,No,No,Yes,No
hydroxide,2.91,No,No,No,No
introvert,2.91,No,No,No,No
kitchener,2.91,No,No,No,No
laterally,2.91,No,No,No,No
liberally,2.91,No,No,No,No
newmarket,2.91,No,No,No,No
plummeted,2.91,No,No,Yes,No
pulsating,2.91,No,No,Yes,No
recessive,2.91,No,No,No,No
reclining,2.91,No,No,Yes,No
repugnant,2.91,No,No,No,No
spineless,2.91,Yes,No,No,No
stairwell,2.91,No,No,No,No
threading,2.91,No,No,Yes,No
triumphed,2.91,No,No,Yes,No
woodhouse,2.91,No,No,No,No
aggrieved,2.9,No,No,Yes,No
albatross,2.9,Yes,No,No,No
antivirus,2.9,Yes,No,No,No
blossomed,2.9,No,No,Yes,No
bolstered,2.9,No,No,Yes,No
concourse,2.9,No,No,No,No
dandelion,2.9,No,No,No,No
devouring,2.9,No,No,Yes,No
disengage,2.9,No,No,No,No
eagerness,2.9,Yes,No,No,No
epicenter,2.9,No,No,No,No
erstwhile,2.9,No,No,No,No
flagstaff,2.9,No,No,No,No
gabriella,2.9,No,No,No,No
grapevine,2.9,No,No,No,No
groundhog,2.9,No,No,No,No
inductive,2.9,No,No,No,No
messianic,2.9,No,No,No,No
motivator,2.9,No,No,No,No
obscenity,2.9,No,No,No,No
patrolled,2.9,No,No,Yes,No
pluralism,2.9,No,No,No,No
posturing,2.9,No,No,Yes,No
predation,2.9,No,No,No,No
prospered,2.9,No,No,Yes,No
recursive,2.9,No,No,No,No
reprimand,2.9,No,No,No,No
reverting,2.9,No,No,Yes,No
sweetener,2.9,No,No,No,No
taxonomic,2.9,No,No,No,No
tunneling,2.9,No,No,Yes,No
unitarian,2.9,No,No,No,No
whitening,2.9,No,No,Yes,No
worshiped,2.9,No,No,Yes,No
biosphere,2.89,No,No,No,No
checkered,2.89,No,No,Yes,No
clipboard,2.89,No,No,No,No
confessor,2.89,No,No,No,No
debugging,2.89,No,No,Yes,No
disputing,2.89,No,No,Yes,No
euphrates,2.89,Yes,No,No,No
fabricate,2.89,No,No,No,No
grumbling,2.89,No,No,Yes,No
hibernian,2.89,No,No,No,No
imprinted,2.89,No,No,Yes,No
lamenting,2.89,No,No,Yes,No
marmalade,2.89,No,No,No,No
molesting,2.89,No,No,Yes,No
objecting,2.89,No,No,Yes,No
ordinated,2.89,No,No,Yes,No
outscored,2.89,No,No,Yes,No
psoriasis,2.89,Yes,No,No,No
reworking,2.89,No,No,Yes,No
shrinkage,2.89,No,No,No,No
snowstorm,2.89,No,No,No,No
socialite,2.89,No,No,No,No
southerly,2.89,No,No,No,No
strapping,2.89,No,No,Yes,No
telephony,2.89,No,No,No,No
thickened,2.89,No,No,Yes,No
unpacking,2.89,No,No,Yes,No
appointee,2.88,No,No,No,No
asymmetry,2.88,No,No,No,No
befitting,2.88,No,No,Yes,No
blackface,2.88,No,No,No,No
bountiful,2.88,No,No,No,No
bulldozer,2.88,No,No,No,No
capillary,2.88,No,No,No,No
chieftain,2.88,No,No,No,No
cirrhosis,2.88,Yes,No,No,No
combative,2.88,No,No,No,No
conceited,2.88,No,No,Yes,No
defaulted,2.88,No,No,Yes,No
draconian,2.88,No,No,No,No
firefight,2.88,No,No,No,No
firestone,2.88,No,No,No,No
firstborn,2.88,No,No,No,No
glutamate,2.88,No,No,No,No
incurring,2.88,No,No,Yes,No
lifesaver,2.88,No,No,No,No
localised,2.88,No,No,Yes,No
minimizes,2.88,Yes,No,Yes,No
overthrew,2.88,No,No,Yes,No
panhandle,2.88,No,No,No,No
paralysed,2.88,No,No,Yes,No
porcupine,2.88,No,No,No,No
sculpting,2.88,No,No,Yes,No
shortness,2.88,Yes,No,No,No
signalled,2.88,No,No,Yes,No
statesmen,2.88,No,Yes,No,No
strongman,2.88,No,No,No,No
telepathy,2.88,No,No,No,No
thesaurus,2.88,Yes,No,No,No
waterfowl,2.88,No,No,No,No
womanhood,2.88,No,No,No,No
worrisome,2.88,No,No,No,No
ascendant,2.87,No,No,No,No
battering,2.87,No,No,Yes,No
bootstrap,2.87,No,No,No,No
climactic,2.87,No,No,No,No
conjuring,2.87,No,No,Yes,No
consigned,2.87,No,No,Yes,No
discloses,2.87,Yes,No,Yes,No
earnestly,2.87,No,No,No,No
effecting,2.87,No,No,Yes,No
firehouse,2.87,No,No,No,No
foolproof,2.87,No,No,No,No
forgetful,2.87,No,No,No,No
gallantry,2.87,No,No,No,No
governess,2.87,Yes,No,No,No
gravitate,2.87,No,No,No,No
harvester,2.87,No,No,No,No
heartburn,2.87,No,No,No,No
hillbilly,2.87,No,No,No,No
honouring,2.87,No,No,Yes,No
microchip,2.87,No,No,No,No
pensioner,2.87,No,No,No,No
periscope,2.87,No,No,No,No
regionals,2.87,Yes,No,No,No
reshaping,2.87,No,No,Yes,No
sequenced,2.87,No,No,Yes,No
spiraling,2.87,No,No,Yes,No
subsystem,2.87,No,No,No,No
trickster,2.87,No,No,No,No
appetizer,2.86,No,No,No,No
arrowhead,2.86,No,No,No,No
beryllium,2.86,No,No,No,No
betrothed,2.86,No,No,Yes,No
champlain,2.86,No,No,No,No
condenser,2.86,No,No,No,No
conjugate,2.86,No,No,No,No
cutaneous,2.86,Yes,No,No,No
decadence,2.86,No,No,No,No
depravity,2.86,No,No,No,No
garibaldi,2.86,No,No,No,No
glassware,2.86,No,No,No,No
harlequin,2.86,No,No,No,No
indignant,2.86,No,No,No,No
infertile,2.86,No,No,No,No
insolvent,2.86,No,No,No,No
iterative,2.86,No,No,No,No
middleman,2.86,No,No,No,No
outweighs,2.86,Yes,No,Yes,No
publicize,2.86,No,No,No,No
racehorse,2.86,No,No,No,No
rebounded,2.86,No,No,Yes,No
shrieking,2.86,No,No,Yes,No
simmering,2.86,No,No,Yes,No
suffocate,2.86,No,No,No,No
transvaal,2.86,No,No,No,No
unbridled,2.86,No,No,Yes,No
unopposed,2.86,No,No,Yes,No
annulment,2.85,No,No,No,No
bargained,2.85,No,No,Yes,No
broadside,2.85,No,No,No,No
councilor,2.85,No,No,No,No
desertion,2.85,No,No,No,No
excelsior,2.85,No,No,No,No
frostbite,2.85,No,No,No,No
heretical,2.85,No,No,No,No
immutable,2.85,No,No,No,No
malayalam,2.85,No,No,No,No
menagerie,2.85,No,No,No,No
oligarchy,2.85,No,No,No,No
overpower,2.85,No,No,No,No
penniless,2.85,Yes,No,No,No
predicate,2.85,No,No,No,No
refrained,2.85,No,No,Yes,No
stateless,2.85,Yes,No,No,No
stateside,2.85,No,No,No,No
treatable,2.85,No,No,No,No
undergrad,2.85,No,No,No,No
underpaid,2.85,No,No,Yes,No
uninvited,2.85,No,No,Yes,No
unnerving,2.85,No,No,Yes,No
utilising,2.85,No,No,Yes,No
workspace,2.85,No,No,No,No
apathetic,2.84,No,No,No,No
backwater,2.84,No,No,No,No
billiards,2.84,Yes,No,No,No
cascading,2.84,No,No,Yes,No
colosseum,2.84,No,No,No,No
crediting,2.84,No,No,Yes,No
cutthroat,2.84,No,No,No,No
disarming,2.84,No,No,Yes,No
enclosing,2.84,No,No,Yes,No
exchanger,2.84,No,No,No,No
favouring,2.84,No,No,Yes,No
harboring,2.84,No,No,Yes,No
implicate,2.84,No,No,No,No
impounded,2.84,No,No,Yes,No
inversely,2.84,No,No,No,No
irrigated,2.84,No,No,Yes,No
irritates,2.84,Yes,No,Yes,No
lactation,2.84,No,No,No,No
overdraft,2.84,No,No,No,No
pantyhose,2.84,No,No,No,No
parentage,2.84,No,No,No,No
pentecost,2.84,No,No,No,No
pigmented,2.84,No,No,Yes,No
reflexive,2.84,No,No,No,No
reminisce,2.84,No,No,No,No
shadowing,2.84,No,No,Yes,No
sprouting,2.84,No,No,Yes,No
strictest,2.84,No,No,No,No
symphonic,2.84,No,No,No,No
antiviral,2.83,No,No,No,No
chuckling,2.83,No,No,Yes,No
crescendo,2.83,No,No,No,No
deformity,2.83,No,No,No,No
dystrophy,2.83,No,No,No,No
eloquence,2.83,No,No,No,No
excrement,2.83,No,No,No,No
expedient,2.83,No,No,No,No
hydrology,2.83,No,No,No,No
incubated,2.83,No,No,Yes,No
innermost,2.83,No,No,No,No
insoluble,2.83,No,No,No,No
margarine,2.83,No,No,No,No
mayflower,2.83,No,No,No,No
nourished,2.83,No,No,Yes,No
overblown,2.83,No,No,No,No
quickness,2.83,Yes,No,No,No
spacetime,2.83,No,No,No,No
spearhead,2.83,No,No,No,No
subtitled,2.83,No,No,Yes,No
summarily,2.83,No,No,No,No
swordsman,2.83,No,No,No,No
tribesmen,2.83,No,Yes,No,No
withstood,2.83,No,No,Yes,No
addicting,2.82,No,No,Yes,No
aimlessly,2.82,No,No,No,No
appellant,2.82,No,No,No,No
brimstone,2.82,No,No,No,No
cognizant,2.82,No,No,No,No
concubine,2.82,No,No,No,No
constrain,2.82,No,No,No,No
droppings,2.82,Yes,No,No,No
eminently,2.82,No,No,No,No
fantasize,2.82,No,No,No,No
frightful,2.82,No,No,No,No
indelible,2.82,No,No,No,No
infantile,2.82,No,No,No,No
itinerant,2.82,No,No,No,No
lymphatic,2.82,No,No,No,No
malleable,2.82,No,No,No,No
mediating,2.82,No,No,Yes,No
mercurial,2.82,No,No,No,No
millionth,2.82,No,No,No,No
overreact,2.82,No,No,No,No
peregrine,2.82,No,No,No,No
piecemeal,2.82,No,No,No,No
southland,2.82,No,No,No,No
swaziland,2.82,No,No,No,No
syntactic,2.82,No,No,No,No
theorized,2.82,No,No,Yes,No
whiteside,2.82,No,No,No,No
withering,2.82,No,No,Yes,No
absorbent,2.81,No,No,No,No
acrobatic,2.81,No,No,No,No
afrikaans,2.81,Yes,No,No,No
arbitrage,2.81,No,No,No,No
cathartic,2.81,No,No,No,No
cementing,2.81,No,No,Yes,No
comforter,2.81,No,No,No,No
distracts,2.81,Yes,No,Yes,No
eisenberg,2.81,No,No,No,No
excepting,2.81,No,No,Yes,No
factually,2.81,No,No,No,No
focussing,2.81,No,No,Yes,No
goldwater,2.81,No,No,No,No
hundredth,2.81,No,No,No,No
implosion,2.81,No,No,No,No
locksmith,2.81,No,No,No,No
lyrically,2.81,No,No,No,No
mandating,2.81,No,No,Yes,No
mezzanine,2.81,No,No,No,No
mistletoe,2.81,No,No,No,No
remarking,2.81,No,No,Yes,No
resetting,2.81,No,No,Yes,No
reshuffle,2.81,No,No,No,No
responder,2.81,No,No,No,No
roughness,2.81,Yes,No,No,No
surfboard,2.81,No,No,No,No
toothpick,2.81,No,No,No,No
tradesmen,2.81,No,Yes,No,No
twinkling,2.81,No,No,Yes,No
vertebral,2.81,No,No,No,No
whisperer,2.81,No,No,No,No
whitewash,2.81,No,No,No,No
wristband,2.81,No,No,No,No
aggravate,2.8,No,No,No,No
appraiser,2.8,No,No,No,No
arboretum,2.8,No,No,No,No
archivist,2.8,No,No,No,No
blameless,2.8,Yes,No,No,No
blindfold,2.8,No,No,No,No
byzantium,2.8,No,No,No,No
cervantes,2.8,Yes,No,No,No
clamoring,2.8,No,No,Yes,No
dollhouse,2.8,No,No,No,No
dramatist,2.8,No,No,No,No
dysentery,2.8,No,No,No,No
frenchmen,2.8,No,Yes,No,No
genocidal,2.8,No,No,No,No
greenleaf,2.8,No,No,No,No
hairspray,2.8,No,No,No,No
healthful,2.8,No,No,No,No
herbicide,2.8,No,No,No,No
homemaker,2.8,No,No,No,No
inclement,2.8,No,No,No,No
ingesting,2.8,No,No,Yes,No
laborious,2.8,Yes,No,No,No
liquidate,2.8,No,No,No,No
lowercase,2.8,No,No,No,No
maddening,2.8,No,No,Yes,No
massaging,2.8,No,No,Yes,No
mennonite,2.8,No,No,No,No
microcosm,2.8,No,No,No,No
nullified,2.8,No,No,Yes,No
orangutan,2.8,No,No,No,No
outplayed,2.8,No,No,Yes,No
politburo,2.8,No,No,No,No
pretender,2.8,No,No,No,No
resonator,2.8,No,No,No,No
schilling,2.8,No,No,Yes,No
signified,2.8,No,No,Yes,No
traceable,2.8,No,No,No,No
undamaged,2.8,No,No,Yes,No
urinating,2.8,No,No,Yes,No
workhouse,2.8,No,No,No,No
actuarial,2.79,No,No,No,No
adventist,2.79,No,No,No,No
angelique,2.79,No,No,No,No
artisanal,2.79,No,No,No,No
authorise,2.79,No,No,No,No
belvedere,2.79,No,No,No,No
buckwheat,2.79,No,No,No,No
buttercup,2.79,No,No,No,No
calibrate,2.79,No,No,No,No
centipede,2.79,No,No,No,No
chromatin,2.79,No,No,No,No
colluding,2.79,No,No,Yes,No
concocted,2.79,No,No,Yes,No
confucian,2.79,No,No,No,No
disrepair,2.79,No,No,No,No
emulating,2.79,No,No,Yes,No
engrossed,2.79,No,No,Yes,No
euclidean,2.79,No,No,No,No
fastening,2.79,No,No,Yes,No
gossiping,2.79,No,No,Yes,No
guarantor,2.79,No,No,No,No
honorably,2.79,No,No,No,No
hurriedly,2.79,No,No,No,No
inaudible,2.79,No,No,No,No
inflating,2.79,No,No,Yes,No
isometric,2.79,No,No,No,No
journeyed,2.79,No,No,Yes,No
navigated,2.79,No,No,Yes,No
neverland,2.79,No,No,No,No
ordinator,2.79,No,No,No,No
parabolic,2.79,No,No,No,No
persecute,2.79,No,No,No,No
propriety,2.79,No,No,No,No
quartered,2.79,No,No,Yes,No
resection,2.79,No,No,No,No
sideboard,2.79,No,No,No,No
silliness,2.79,Yes,No,No,No
skyrocket,2.79,No,No,No,No
storybook,2.79,No,No,No,No
terrorize,2.79,No,No,No,No
unaltered,2.79,No,No,Yes,No
unsightly,2.79,No,No,No,No
villanova,2.79,No,No,No,No
wherefore,2.79,No,No,No,No
abstained,2.78,No,No,Yes,No
accretion,2.78,No,No,No,No
activator,2.78,No,No,No,No
appraised,2.78,No,No,Yes,No
assuredly,2.78,No,No,No,No
barracuda,2.78,No,No,No,No
bettering,2.78,No,No,Yes,No
bewitched,2.78,No,No,Yes,No
clinching,2.78,No,No,Yes,No
croissant,2.78,No,No,No,No
cryogenic,2.78,No,No,No,No
embattled,2.78,No,No,Yes,No
escalates,2.78,Yes,No,Yes,No
esplanade,2.78,No,No,No,No
expelling,2.78,No,No,Yes,No
fervently,2.78,No,No,No,No
feudalism,2.78,No,No,No,No
fireproof,2.78,No,No,No,No
gleefully,2.78,No,No,No,No
horseshit,2.78,No,No,No,No
hydrating,2.78,No,No,Yes,No
immovable,2.78,No,No,No,No
knockdown,2.78,No,No,No,No
lessening,2.78,No,No,Yes,No
lethargic,2.78,No,No,No,No
liberator,2.78,No,No,No,No
littering,2.78,No,No,Yes,No
loveliest,2.78,No,No,No,No
marinated,2.78,No,No,Yes,No
mediaeval,2.78,No,No,No,No
megaphone,2.78,No,No,No,No
multiplex,2.78,No,No,No,No
optimally,2.78,No,No,No,No
polygraph,2.78,No,No,No,No
reykjavik,2.78,No,No,No,No
shoveling,2.78,No,No,Yes,No
slapstick,2.78,No,No,No,No
sourdough,2.78,No,No,No,No
adrenalin,2.77,No,No,No,No
animating,2.77,No,No,Yes,No
apologist,2.77,No,No,No,No
cartesian,2.77,No,No,No,No
comically,2.77,No,No,No,No
conjoined,2.77,No,No,Yes,No
cytoplasm,2.77,No,No,No,No
enzymatic,2.77,No,No,No,No
esmeralda,2.77,No,No,No,No
flaunting,2.77,No,No,Yes,No
flavoring,2.77,No,No,Yes,No
frankfort,2.77,No,No,No,No
globalist,2.77,No,No,No,No
greenbelt,2.77,No,No,No,No
haphazard,2.77,No,No,No,No
kidnapper,2.77,No,No,No,No
misjudged,2.77,No,No,Yes,No
panchayat,2.77,No,No,No,No
purifying,2.77,No,No,Yes,No
reloading,2.77,No,No,Yes,No
riverbank,2.77,No,No,No,No
scoundrel,2.77,No,No,No,No
squirting,2.77,No,No,Yes,No
stipulate,2.77,No,No,No,No
throwaway,2.77,No,No,No,No
unchained,2.77,No,No,Yes,No
unelected,2.77,No,No,Yes,No
unleashes,2.77,Yes,No,Yes,No
voracious,2.77,Yes,No,No,No
zeitgeist,2.77,No,No,No,No
affording,2.76,No,No,Yes,No
amazonian,2.76,No,No,No,No
anointing,2.76,No,No,Yes,No
appendage,2.76,No,No,No,No
convening,2.76,No,No,Yes,No
empathize,2.76,No,No,No,No
estimator,2.76,No,No,No,No
extrusion,2.76,No,No,No,No
headstone,2.76,No,No,No,No
immediacy,2.76,No,No,No,No
instigate,2.76,No,No,No,No
israelite,2.76,No,No,No,No
leukaemia,2.76,No,No,No,No
licensure,2.76,No,No,No,No
murmuring,2.76,No,No,Yes,No
outlander,2.76,No,No,No,No
permeable,2.76,No,No,No,No
pistachio,2.76,No,No,No,No
ploughing,2.76,No,No,Yes,No
polynesia,2.76,No,No,No,No
precipice,2.76,No,No,No,No
presuming,2.76,No,No,Yes,No
reclusive,2.76,No,No,No,No
reinstall,2.76,No,No,No,No
scribbled,2.76,No,No,Yes,No
shallower,2.76,No,No,No,No
simulates,2.76,Yes,No,Yes,No
sorceress,2.76,Yes,No,No,No
sphincter,2.76,No,No,No,No
stalinist,2.76,No,No,No,No
toothache,2.76,No,No,No,No
trickling,2.76,No,No,Yes,No
voiceless,2.76,Yes,No,No,No
whosoever,2.76,No,No,No,No
alertness,2.75,Yes,No,No,No
barbarism,2.75,No,No,No,No
brainless,2.75,Yes,No,No,No
cavernous,2.75,Yes,No,No,No
chaperone,2.75,No,No,No,No
darkening,2.75,No,No,Yes,No
debunking,2.75,No,No,Yes,No
decompose,2.75,No,No,No,No
denounces,2.75,Yes,No,Yes,No
detaining,2.75,No,No,Yes,No
digesting,2.75,No,No,Yes,No
dreamland,2.75,No,No,No,No
encrusted,2.75,No,No,Yes,No
garnering,2.75,No,No,Yes,No
heartedly,2.75,No,No,No,No
interment,2.75,No,No,No,No
machinist,2.75,No,No,No,No
middlemen,2.75,No,Yes,No,No
mormonism,2.75,No,No,No,No
obscuring,2.75,No,No,Yes,No
occlusion,2.75,No,No,No,No
overdoses,2.75,Yes,No,Yes,No
paralegal,2.75,No,No,No,No
prismatic,2.75,No,No,No,No
ransacked,2.75,No,No,Yes,No
reductive,2.75,No,No,No,No
replaying,2.75,No,No,Yes,No
reptilian,2.75,No,No,No,No
spatially,2.75,No,No,No,No
strikeout,2.75,No,No,No,No
styrofoam,2.75,No,No,No,No
tattooing,2.75,No,No,Yes,No
unguarded,2.75,No,No,Yes,No
unionized,2.75,No,No,Yes,No
vermilion,2.75,No,No,No,No
affluence,2.74,No,No,No,No
authoring,2.74,No,No,Yes,No
backwoods,2.74,Yes,No,No,No
castrated,2.74,No,No,Yes,No
claiborne,2.74,No,No,No,No
concurred,2.74,No,No,Yes,No
corollary,2.74,No,No,No,No
culminate,2.74,No,No,No,No
dendritic,2.74,No,No,No,No
deporting,2.74,No,No,Yes,No
excitable,2.74,No,No,No,No
formulaic,2.74,No,No,No,No
gregorian,2.74,No,No,No,No
guesswork,2.74,No,No,No,No
insulator,2.74,No,No,No,No
keynesian,2.74,No,No,No,No
motocross,2.74,Yes,No,No,No
motorcade,2.74,No,No,No,No
opportune,2.74,No,No,No,No
oppressor,2.74,No,No,No,No
piggyback,2.74,No,No,No,No
pyramidal,2.74,No,No,No,No
quivering,2.74,No,No,Yes,No
ramblings,2.74,Yes,No,No,No
stillborn,2.74,No,No,No,No
timescale,2.74,No,No,No,No
trampling,2.74,No,No,Yes,No
ventricle,2.74,No,No,No,No
waistband,2.74,No,No,No,No
abatement,2.73,No,No,No,No
acropolis,2.73,Yes,No,No,No
archiving,2.73,No,No,Yes,No
arraigned,2.73,No,No,Yes,No
artichoke,2.73,No,No,No,No
autonomic,2.73,No,No,No,No
catalyzed,2.73,No,No,Yes,No
darwinism,2.73,No,No,No,No
emaciated,2.73,No,No,Yes,No
endoscopy,2.73,No,No,No,No
ergonomic,2.73,No,No,No,No
estradiol,2.73,No,No,No,No
exemplify,2.73,No,No,No,No
fattening,2.73,No,No,Yes,No
glandular,2.73,No,No,No,No
handiwork,2.73,No,No,No,No
homicidal,2.73,No,No,No,No
loitering,2.73,No,No,Yes,No
modulator,2.73,No,No,No,No
obstinate,2.73,No,No,No,No
philology,2.73,No,No,No,No
pointedly,2.73,No,No,No,No
sandpaper,2.73,No,No,No,No
sandstorm,2.73,No,No,No,No
squealing,2.73,No,No,Yes,No
starcraft,2.73,No,No,No,No
stringing,2.73,No,No,Yes,No
surrogacy,2.73,No,No,No,No
vaccinate,2.73,No,No,No,No
vestibule,2.73,No,No,No,No
winehouse,2.73,No,No,No,No
amphibian,2.72,No,No,No,No
backtrack,2.72,No,No,No,No
burrowing,2.72,No,No,Yes,No
caressing,2.72,No,No,Yes,No
cornbread,2.72,No,No,No,No
dedicates,2.72,Yes,No,Yes,No
demeanour,2.72,No,No,No,No
disproved,2.72,No,No,Yes,No
driftwood,2.72,No,No,No,No
emphysema,2.72,No,No,No,No
exogenous,2.72,Yes,No,No,No
extractor,2.72,No,No,No,No
heuristic,2.72,No,No,No,No
initiator,2.72,No,No,No,No
johnathan,2.72,No,No,No,No
militancy,2.72,No,No,No,No
optically,2.72,No,No,No,No
patronize,2.72,No,No,No,No
pinkerton,2.72,No,No,No,No
quarrying,2.72,No,No,Yes,No
relevancy,2.72,No,No,No,No
strapless,2.72,Yes,No,No,No
tanzanian,2.72,No,No,No,No
tarantula,2.72,No,No,No,No
tightrope,2.72,No,No,No,No
unselfish,2.72,No,No,No,No
urination,2.72,No,No,No,No
utterance,2.72,No,No,No,No
workhorse,2.72,No,No,No,No
alabaster,2.71,No,No,No,No
boathouse,2.71,No,No,No,No
brickwork,2.71,No,No,No,No
corkscrew,2.71,No,No,No,No
curveball,2.71,No,No,No,No
dictation,2.71,No,No,No,No
dishonour,2.71,No,No,No,No
diverging,2.71,No,No,Yes,No
epidermis,2.71,Yes,No,No,No
faltering,2.71,No,No,Yes,No
gonorrhea,2.71,No,No,No,No
loathsome,2.71,No,No,No,No
matriarch,2.71,No,No,No,No
microfilm,2.71,No,No,No,No
mouthwash,2.71,No,No,No,No
newtonian,2.71,No,No,No,No
overdosed,2.71,No,No,Yes,No
partaking,2.71,No,No,Yes,No
pheromone,2.71,No,No,No,No
reachable,2.71,No,No,No,No
reaffirms,2.71,Yes,No,Yes,No
reappears,2.71,Yes,No,Yes,No
rebelling,2.71,No,No,Yes,No
reductase,2.71,No,No,No,No
revulsion,2.71,No,No,No,No
strutting,2.71,No,No,Yes,No
symbiosis,2.71,Yes,No,No,No
tectonics,2.71,Yes,No,No,No
terrifies,2.71,Yes,No,Yes,No
validates,2.71,Yes,No,Yes,No
venerated,2.71,No,No,Yes,No
antipathy,2.7,No,No,No,No
armadillo,2.7,No,No,No,No
bicycling,2.7,No,No,Yes,No
carnation,2.7,No,No,No,No
compacted,2.7,No,No,Yes,No
condiment,2.7,No,No,No,No
dislodged,2.7,No,No,Yes,No
elucidate,2.7,No,No,No,No
enlarging,2.7,No,No,Yes,No
excavator,2.7,No,No,No,No
fortescue,2.7,No,No,No,No
haymarket,2.7,No,No,No,No
hibernate,2.7,No,No,No,No
hollering,2.7,No,No,Yes,No
lakeshore,2.7,No,No,No,No
lawnmower,2.7,No,No,No,No
manicured,2.7,No,No,Yes,No
narrowest,2.7,No,No,No,No
obliquely,2.7,No,No,No,No
outermost,2.7,No,No,No,No
overthink,2.7,No,No,No,No
peasantry,2.7,No,No,No,No
photocopy,2.7,No,No,No,No
repainted,2.7,No,No,Yes,No
rorschach,2.7,No,No,No,No
sanitizer,2.7,No,No,No,No
scoliosis,2.7,Yes,No,No,No
shockwave,2.7,No,No,No,No
shuttered,2.7,No,No,Yes,No
sorrowful,2.7,No,No,No,No
spokesmen,2.7,No,Yes,No,No
stabilise,2.7,No,No,No,No
thwarting,2.7,No,No,Yes,No
tracksuit,2.7,No,No,No,No
trumpeter,2.7,No,No,No,No
uppermost,2.7,No,No,No,No
vasectomy,2.7,No,No,No,No
waistline,2.7,No,No,No,No
